{"mean":{"confidence_interval":{"confidence_level":0.95,"lower_bound":-0.9741963870647329,"upper_bound":-0.9708914308264068},"point_estimate":-0.9726448528886198,"standard_error":0.000843766485199992},"median":{"confidence_interval":{"confidence_level":0.95,"lower_bound":-0.9751090006606491,"upper_bound":-0.970871082525022},"point_estimate":-0.9736868944244764,"standard_error":0.0010602601759502883}}