{"mean":{"confidence_interval":{"confidence_level":0.95,"lower_bound":-0.07831213849666752,"upper_bound":-0.05981706378544175},"point_estimate":-0.06834714258490049,"standard_error":0.0047228933677289425},"median":{"confidence_interval":{"confidence_level":0.95,"lower_bound":-0.0802944015132323,"upper_bound":-0.06001207300155287},"point_estimate":-0.0705640076279197,"standard_error":0.005404915011003721}}