{"mean":{"confidence_interval":{"confidence_level":0.95,"lower_bound":0.13987489207673914,"upper_bound":0.1708034934150009},"point_estimate":0.1557954255466456,"standard_error":0.007895313737560477},"median":{"confidence_interval":{"confidence_level":0.95,"lower_bound":0.15947555813964912,"upper_bound":0.20889000413332326},"point_estimate":0.1825270271901156,"standard_error":0.011569100944606869}}