{"mean":{"confidence_interval":{"confidence_level":0.95,"lower_bound":-0.12916961307107155,"upper_bound":-0.11133293595486222},"point_estimate":-0.11965865362388461,"standard_error":0.004571808388205625},"median":{"confidence_interval":{"confidence_level":0.95,"lower_bound":-0.1472840541839927,"upper_bound":-0.11831203069087426},"point_estimate":-0.13516271496245547,"standard_error":0.00744844642071893}}