{"mean":{"confidence_interval":{"confidence_level":0.95,"lower_bound":-0.1369926398972237,"upper_bound":-0.11129439341856151},"point_estimate":-0.12470687212893339,"standard_error":0.006576289602738341},"median":{"confidence_interval":{"confidence_level":0.95,"lower_bound":-0.14642019604699774,"upper_bound":-0.11627075569564616},"point_estimate":-0.12716213576460378,"standard_error":0.007781822922952527}}