{"mean":{"confidence_interval":{"confidence_level":0.95,"lower_bound":-0.34935073820241,"upper_bound":-0.3307969434098527},"point_estimate":-0.3401805158236192,"standard_error":0.004818647247535677},"median":{"confidence_interval":{"confidence_level":0.95,"lower_bound":-0.3497932591722105,"upper_bound":-0.3172964159312486},"point_estimate":-0.3319284372707667,"standard_error":0.008163262203652858}}