{"mean":{"confidence_interval":{"confidence_level":0.95,"lower_bound":-0.5605254392057765,"upper_bound":-0.5563206249020999},"point_estimate":-0.5583693926183217,"standard_error":0.0010744217683234926},"median":{"confidence_interval":{"confidence_level":0.95,"lower_bound":-0.5599248068239939,"upper_bound":-0.5563639514571883},"point_estimate":-0.5580776081810666,"standard_error":0.0009120404259506869}}