{"mean":{"confidence_interval":{"confidence_level":0.95,"lower_bound":37.65537961174708,"upper_bound":43.405701389500244},"point_estimate":40.2290210581206,"standard_error":1.3253654983473724},"median":{"confidence_interval":{"confidence_level":0.95,"lower_bound":37.01417448710817,"upper_bound":44.34580869505656},"point_estimate":41.396209285395926,"standard_error":1.7445258126449676}}