{"mean":{"confidence_interval":{"confidence_level":0.95,"lower_bound":-0.025645555148403144,"upper_bound":-0.003012841095906619},"point_estimate":-0.013178347090358034,"standard_error":0.005713569786812025},"median":{"confidence_interval":{"confidence_level":0.95,"lower_bound":-0.045909775843111844,"upper_bound":-0.02295838204289713},"point_estimate":-0.0361491188270846,"standard_error":0.005751398165052637}}