{"mean":{"confidence_interval":{"confidence_level":0.95,"lower_bound":0.1400658146311489,"upper_bound":0.16424073864109723},"point_estimate":0.15210431224419363,"standard_error":0.006186595348300279},"median":{"confidence_interval":{"confidence_level":0.95,"lower_bound":0.13230021976412032,"upper_bound":0.16533119589938838},"point_estimate":0.14554239639289412,"standard_error":0.008858192695922893}}