{"mean":{"confidence_interval":{"confidence_level":0.95,"lower_bound":-0.012298414508114345,"upper_bound":0.013075734450211136},"point_estimate":0.000199168167392072,"standard_error":0.006440088776172777},"median":{"confidence_interval":{"confidence_level":0.95,"lower_bound":-0.0156893757175236,"upper_bound":0.020729036115796795},"point_estimate":0.005968884961514265,"standard_error":0.009645477319284867}}