{"mean":{"confidence_interval":{"confidence_level":0.95,"lower_bound":-0.11100841133995151,"upper_bound":-0.08906594603179338},"point_estimate":-0.1002301144411607,"standard_error":0.00559518820945184},"median":{"confidence_interval":{"confidence_level":0.95,"lower_bound":-0.11386437034498176,"upper_bound":-0.08839325542998733},"point_estimate":-0.09903886523128136,"standard_error":0.006706526975732348}}