{"mean":{"confidence_interval":{"confidence_level":0.95,"lower_bound":-0.2803028916541043,"upper_bound":-0.26439501767843554},"point_estimate":-0.27260829256552066,"standard_error":0.0040549027914594735},"median":{"confidence_interval":{"confidence_level":0.95,"lower_bound":-0.2844224269859299,"upper_bound":-0.2632797958073354},"point_estimate":-0.2739817531264397,"standard_error":0.005726315398071979}}