{"mean":{"confidence_interval":{"confidence_level":0.95,"lower_bound":0.20800635984642094,"upper_bound":0.228398635896684},"point_estimate":0.21804603814834378,"standard_error":0.005210408979441035},"median":{"confidence_interval":{"confidence_level":0.95,"lower_bound":0.21078501613533152,"upper_bound":0.23580762092000662},"point_estimate":0.21851895234214358,"standard_error":0.0060411858248283256}}