{"mean":{"confidence_interval":{"confidence_level":0.95,"lower_bound":-0.0282941552847273,"upper_bound":-0.00561878659329568},"point_estimate":-0.016993384567534964,"standard_error":0.0058047825951863035},"median":{"confidence_interval":{"confidence_level":0.95,"lower_bound":-0.03434985134103041,"upper_bound":-0.0010935719920057707},"point_estimate":-0.014793796177415608,"standard_error":0.008556802391283888}}