{"mean":{"confidence_interval":{"confidence_level":0.95,"lower_bound":0.12728166621430445,"upper_bound":0.15158338855927772},"point_estimate":0.13931244139168308,"standard_error":0.0062032708278258256},"median":{"confidence_interval":{"confidence_level":0.95,"lower_bound":0.12149237016357595,"upper_bound":0.15368631228772167},"point_estimate":0.13385898622562342,"standard_error":0.00859470703510995}}