{"mean":{"confidence_interval":{"confidence_level":0.95,"lower_bound":-0.09173139556197762,"upper_bound":-0.08231916251789947},"point_estimate":-0.08698248414912457,"standard_error":0.0023931448083068627},"median":{"confidence_interval":{"confidence_level":0.95,"lower_bound":-0.09322467796893341,"upper_bound":-0.0833106740742664},"point_estimate":-0.0887902718518927,"standard_error":0.002466706068946844}}