{"mean":{"confidence_interval":{"confidence_level":0.95,"lower_bound":0.24073578252924602,"upper_bound":0.27097085096103335},"point_estimate":0.2557869598436342,"standard_error":0.007726441199557116},"median":{"confidence_interval":{"confidence_level":0.95,"lower_bound":0.23368070442221467,"upper_bound":0.2744414360467715},"point_estimate":0.24962057668870963,"standard_error":0.010711513093838247}}