{"mean":{"confidence_interval":{"confidence_level":0.95,"lower_bound":-0.07805101672835965,"upper_bound":-0.04417035024275259},"point_estimate":-0.0613364685529465,"standard_error":0.008607025124828643},"median":{"confidence_interval":{"confidence_level":0.95,"lower_bound":-0.08697823397714613,"upper_bound":-0.0357731088707256},"point_estimate":-0.06346468619262613,"standard_error":0.01318558857364435}}