{"mean":{"confidence_interval":{"confidence_level":0.95,"lower_bound":0.05755511227632628,"upper_bound":0.09767018835567609},"point_estimate":0.07788274343605694,"standard_error":0.010079526343908707},"median":{"confidence_interval":{"confidence_level":0.95,"lower_bound":0.01540105948022985,"upper_bound":0.07112531674113076},"point_estimate":0.03774144099029364,"standard_error":0.01267628005983007}}