{"mean":{"confidence_interval":{"confidence_level":0.95,"lower_bound":-0.08013353384889688,"upper_bound":-0.053010535968247965},"point_estimate":-0.06821034908486223,"standard_error":0.007190022721091173},"median":{"confidence_interval":{"confidence_level":0.95,"lower_bound":-0.08684269214897034,"upper_bound":-0.05733704544593132},"point_estimate":-0.0704192100463964,"standard_error":0.0074001007700967986}}