{"mean":{"confidence_interval":{"confidence_level":0.95,"lower_bound":-0.11141165955024296,"upper_bound":-0.08900313225112208},"point_estimate":-0.10003915973377953,"standard_error":0.005721463471839675},"median":{"confidence_interval":{"confidence_level":0.95,"lower_bound":-0.1141805761510235,"upper_bound":-0.08871663888562265},"point_estimate":-0.10405419720013609,"standard_error":0.0058440978812934405}}