{"mean":{"confidence_interval":{"confidence_level":0.95,"lower_bound":-0.04330685662912933,"upper_bound":-0.019665093088634823},"point_estimate":-0.03147367398806922,"standard_error":0.006081375220543315},"median":{"confidence_interval":{"confidence_level":0.95,"lower_bound":-0.04468564540209208,"upper_bound":-0.012287123598336166},"point_estimate":-0.026989077973842535,"standard_error":0.007868639627038494}}