{"mean":{"confidence_interval":{"confidence_level":0.95,"lower_bound":-0.5418236109344483,"upper_bound":-0.5358009561425681},"point_estimate":-0.5386970834992459,"standard_error":0.0015334625644080249},"median":{"confidence_interval":{"confidence_level":0.95,"lower_bound":-0.539215268279734,"upper_bound":-0.5334065895308218},"point_estimate":-0.5366313775164038,"standard_error":0.001542576861784053}}