{"mean":{"confidence_interval":{"confidence_level":0.95,"lower_bound":-0.4948320188593698,"upper_bound":-0.4767958211870216},"point_estimate":-0.4862761763397291,"standard_error":0.0046049505190790445},"median":{"confidence_interval":{"confidence_level":0.95,"lower_bound":-0.5043523066134918,"upper_bound":-0.4774859808186599},"point_estimate":-0.4898552673356764,"standard_error":0.00692620032788473}}