{"mean":{"confidence_interval":{"confidence_level":0.95,"lower_bound":-0.09339551277340853,"upper_bound":-0.07534448230284141},"point_estimate":-0.08478093805575981,"standard_error":0.004598048902110459},"median":{"confidence_interval":{"confidence_level":0.95,"lower_bound":-0.09084730454717793,"upper_bound":-0.06699631739267708},"point_estimate":-0.07486749699332784,"standard_error":0.005181998708866752}}