{"mean":{"confidence_interval":{"confidence_level":0.95,"lower_bound":-0.03273709183169693,"upper_bound":-0.011460719947658182},"point_estimate":-0.021701670253758465,"standard_error":0.005563931848318445},"median":{"confidence_interval":{"confidence_level":0.95,"lower_bound":-0.054839837184432305,"upper_bound":-0.04148435259553962},"point_estimate":-0.04961719278135246,"standard_error":0.0031697840897040065}}