{"mean":{"confidence_interval":{"confidence_level":0.95,"lower_bound":0.09616801073985543,"upper_bound":0.1270996181506226},"point_estimate":0.11179072421971492,"standard_error":0.007902482053559463},"median":{"confidence_interval":{"confidence_level":0.95,"lower_bound":0.11545069129280194,"upper_bound":0.14618386919398563},"point_estimate":0.12911945876005015,"standard_error":0.007513184426188466}}