{"mean":{"confidence_interval":{"confidence_level":0.95,"lower_bound":-0.06849026113354824,"upper_bound":-0.054024376994788015},"point_estimate":-0.06164105267893916,"standard_error":0.003661538459742474},"median":{"confidence_interval":{"confidence_level":0.95,"lower_bound":-0.07982673109510476,"upper_bound":-0.05944207235438692},"point_estimate":-0.07039661615211279,"standard_error":0.0052278772395986444}}