{"mean":{"confidence_interval":{"confidence_level":0.95,"lower_bound":-0.1128159504024181,"upper_bound":-0.09405936007021798},"point_estimate":-0.10377262171960489,"standard_error":0.004726253430334148},"median":{"confidence_interval":{"confidence_level":0.95,"lower_bound":-0.11246033012768908,"upper_bound":-0.08991723665511353},"point_estimate":-0.10011257060015666,"standard_error":0.005393237155104642}}