{"mean":{"confidence_interval":{"confidence_level":0.95,"lower_bound":-0.10491433681976749,"upper_bound":-0.06700201230664571},"point_estimate":-0.08632015315371899,"standard_error":0.009649926604359272},"median":{"confidence_interval":{"confidence_level":0.95,"lower_bound":-0.08677127982254329,"upper_bound":-0.038486855474265114},"point_estimate":-0.057808427600414714,"standard_error":0.010982710751748372}}