{"mean":{"confidence_interval":{"confidence_level":0.95,"lower_bound":-0.36665596206073814,"upper_bound":-0.26996532400721196},"point_estimate":-0.3149385484486843,"standard_error":0.024999079271351532},"median":{"confidence_interval":{"confidence_level":0.95,"lower_bound":-0.3014352442697349,"upper_bound":-0.2804589107996126},"point_estimate":-0.2892271886642319,"standard_error":0.0054692591136103665}}