{"mean":{"confidence_interval":{"confidence_level":0.95,"lower_bound":13.582061286829806,"upper_bound":14.6554546669648},"point_estimate":14.128020348755868,"standard_error":0.2742403099192949},"median":{"confidence_interval":{"confidence_level":0.95,"lower_bound":14.336974772710194,"upper_bound":14.992323251229665},"point_estimate":14.633207617911157,"standard_error":0.16590401164284163}}