{"mean":{"confidence_interval":{"confidence_level":0.95,"lower_bound":0.34957332691815074,"upper_bound":0.5363140091043075},"point_estimate":0.43171020603792565,"standard_error":0.04996727000470773},"median":{"confidence_interval":{"confidence_level":0.95,"lower_bound":0.331678880229598,"upper_bound":0.3697641645048604},"point_estimate":0.34820229926827206,"standard_error":0.009790860731974922}}