{"mean":{"confidence_interval":{"confidence_level":0.95,"lower_bound":0.033207460284358566,"upper_bound":0.08332943685809124},"point_estimate":0.05812055004136574,"standard_error":0.012827306920851655},"median":{"confidence_interval":{"confidence_level":0.95,"lower_bound":0.05997394180106608,"upper_bound":0.08945463147887502},"point_estimate":0.07513644371740891,"standard_error":0.007602092015077588}}