{"mean":{"confidence_interval":{"confidence_level":0.95,"lower_bound":268326.7706260657,"upper_bound":285154.66589997796},"point_estimate":276302.20463611785,"standard_error":4282.627515773031},"median":{"confidence_interval":{"confidence_level":0.95,"lower_bound":257260.8266283525,"upper_bound":269488.287037037},"point_estimate":261540.96401209678,"standard_error":3333.8386094870966},"median_abs_dev":{"confidence_interval":{"confidence_level":0.95,"lower_bound":18854.67840652309,"upper_bound":37038.61455354422},"point_estimate":24371.621860301806,"standard_error":4621.286750587016},"slope":{"confidence_interval":{"confidence_level":0.95,"lower_bound":263699.8317656747,"upper_bound":278303.11196455965},"point_estimate":270747.8494118516,"standard_error":3732.9866393327434},"std_dev":{"confidence_interval":{"confidence_level":0.95,"lower_bound":30981.94324457526,"upper_bound":54895.265519928944},"point_estimate":43095.97267232138,"standard_error":6216.31314239864}}