{"mean":{"confidence_interval":{"confidence_level":0.95,"lower_bound":43.60658003711272,"upper_bound":45.778587291255235},"point_estimate":44.70931323612178,"standard_error":0.5531076727427587},"median":{"confidence_interval":{"confidence_level":0.95,"lower_bound":44.488827168058826,"upper_bound":46.33360210964435},"point_estimate":45.176066084929595,"standard_error":0.4669100724117675}}