{"mean":{"confidence_interval":{"confidence_level":0.95,"lower_bound":379239.4027437568,"upper_bound":395319.184794162},"point_estimate":387292.31161670014,"standard_error":4098.2890551252685},"median":{"confidence_interval":{"confidence_level":0.95,"lower_bound":381154.694166975,"upper_bound":394125.42275132274},"point_estimate":387537.15321869485,"standard_error":3506.141029817565},"median_abs_dev":{"confidence_interval":{"confidence_level":0.95,"lower_bound":20511.60326334256,"upper_bound":34831.8191154351},"point_estimate":27745.979734990404,"standard_error":3658.0050954990256},"slope":{"confidence_interval":{"confidence_level":0.95,"lower_bound":387936.02086247766,"upper_bound":407597.5042240603},"point_estimate":397379.26595143095,"standard_error":5019.93206863781},"std_dev":{"confidence_interval":{"confidence_level":0.95,"lower_bound":32701.476138230184,"upper_bound":48922.31039619922},"point_estimate":41199.79647814122,"standard_error":4134.990907024537}}