{"mean":{"confidence_interval":{"confidence_level":0.95,"lower_bound":1990197.361979166,"upper_bound":2064378.8040520828},"point_estimate":2026001.9341666664,"standard_error":18847.88623090308},"median":{"confidence_interval":{"confidence_level":0.95,"lower_bound":1993949.0,"upper_bound":2042701.125},"point_estimate":2020573.0625,"standard_error":13121.698609483818},"median_abs_dev":{"confidence_interval":{"confidence_level":0.95,"lower_bound":108401.20825674396,"upper_bound":176718.13321262598},"point_estimate":149356.78158588713,"standard_error":17877.107128852655},"slope":null,"std_dev":{"confidence_interval":{"confidence_level":0.95,"lower_bound":142978.36249095734,"upper_bound":241287.64244543575},"point_estimate":190010.15984524388,"standard_error":25838.840415063787}}