{"mean":{"confidence_interval":{"confidence_level":0.95,"lower_bound":136850883.1075,"upper_bound":138994948.31075},"point_estimate":137906909.48,"standard_error":546155.4528645071},"median":{"confidence_interval":{"confidence_level":0.95,"lower_bound":135602409.0,"upper_bound":138335124.5},"point_estimate":136535587.0,"standard_error":755781.1885410114},"median_abs_dev":{"confidence_interval":{"confidence_level":0.95,"lower_bound":3964903.0249089003,"upper_bound":6883735.399389267},"point_estimate":5278234.559592605,"standard_error":700738.8457958489},"slope":null,"std_dev":{"confidence_interval":{"confidence_level":0.95,"lower_bound":4716953.105632617,"upper_bound":6144547.9768286375},"point_estimate":5480275.272601492,"standard_error":364996.1535644738}}