{"mean":{"confidence_interval":{"confidence_level":0.95,"lower_bound":73765130.67325,"upper_bound":75265766.96175},"point_estimate":74511386.18,"standard_error":383033.79737460625},"median":{"confidence_interval":{"confidence_level":0.95,"lower_bound":73043933.0,"upper_bound":75407206.0},"point_estimate":74178005.0,"standard_error":594837.0204066006},"median_abs_dev":{"confidence_interval":{"confidence_level":0.95,"lower_bound":2999055.859056115,"upper_bound":5061723.869333932},"point_estimate":3710852.1064192057,"standard_error":532899.2881042773},"slope":null,"std_dev":{"confidence_interval":{"confidence_level":0.95,"lower_bound":3353691.3961098804,"upper_bound":4285060.266419095},"point_estimate":3850886.2409331347,"standard_error":237872.2307424364}}