{"mean":{"confidence_interval":{"confidence_level":0.95,"lower_bound":73378366.58500001,"upper_bound":74599938.27700001},"point_estimate":73998483.92,"standard_error":310458.81416381226},"median":{"confidence_interval":{"confidence_level":0.95,"lower_bound":73830131.0,"upper_bound":75000938.0},"point_estimate":74473735.5,"standard_error":333107.5348789063},"median_abs_dev":{"confidence_interval":{"confidence_level":0.95,"lower_bound":1986095.3725397587,"upper_bound":3480112.8486156464},"point_estimate":2797448.9494353533,"standard_error":376298.9097671228},"slope":null,"std_dev":{"confidence_interval":{"confidence_level":0.95,"lower_bound":2606061.8688185676,"upper_bound":3587990.1808423125},"point_estimate":3124975.2758203996,"standard_error":250632.47913314332}}