{"mean":{"confidence_interval":{"confidence_level":0.95,"lower_bound":151481472.043,"upper_bound":155353698.09925},"point_estimate":153409457.9,"standard_error":994199.756573001},"median":{"confidence_interval":{"confidence_level":0.95,"lower_bound":148359017.0,"upper_bound":155257905.0},"point_estimate":151393714.5,"standard_error":1978158.0582975452},"median_abs_dev":{"confidence_interval":{"confidence_level":0.95,"lower_bound":7525813.124290109,"upper_bound":12703485.892868042},"point_estimate":9460672.065639496,"standard_error":1277563.164348854},"slope":null,"std_dev":{"confidence_interval":{"confidence_level":0.95,"lower_bound":8697164.500974288,"upper_bound":11131215.202554127},"point_estimate":10008487.180635406,"standard_error":618719.7824478771}}