{"mean":{"confidence_interval":{"confidence_level":0.95,"lower_bound":185140009.3365,"upper_bound":187306675.03375},"point_estimate":186102813.12,"standard_error":556117.0972453767},"median":{"confidence_interval":{"confidence_level":0.95,"lower_bound":184430345.0,"upper_bound":185580383.0},"point_estimate":184962073.5,"standard_error":318438.8262325353},"median_abs_dev":{"confidence_interval":{"confidence_level":0.95,"lower_bound":1946564.8094415665,"upper_bound":3216144.5779795134},"point_estimate":2531930.8614492416,"standard_error":326982.89498743427},"slope":null,"std_dev":{"confidence_interval":{"confidence_level":0.95,"lower_bound":3074611.354776585,"upper_bound":8271639.041444872},"point_estimate":5592835.12427022,"standard_error":1561816.053028072}}