{"mean":{"confidence_interval":{"confidence_level":0.95,"lower_bound":41632583.1665,"upper_bound":41963138.864},"point_estimate":41806231.815,"standard_error":84330.71547289188},"median":{"confidence_interval":{"confidence_level":0.95,"lower_bound":41769313.0,"upper_bound":42035165.0},"point_estimate":41913563.75,"standard_error":62926.83334909179},"median_abs_dev":{"confidence_interval":{"confidence_level":0.95,"lower_bound":382399.2275610566,"upper_bound":668096.9837889075},"point_estimate":527214.0332400799,"standard_error":73591.33953047413},"slope":null,"std_dev":{"confidence_interval":{"confidence_level":0.95,"lower_bound":584380.6043655792,"upper_bound":1088215.3866663983},"point_estimate":850040.9209636232,"standard_error":129128.99787273146}}