{"mean":{"confidence_interval":{"confidence_level":0.95,"lower_bound":149131162.11675,"upper_bound":151632383.5375},"point_estimate":150389339.95,"standard_error":639021.6109570056},"median":{"confidence_interval":{"confidence_level":0.95,"lower_bound":149838377.0,"upper_bound":151439442.5},"point_estimate":150748284.0,"standard_error":380170.890313942},"median_abs_dev":{"confidence_interval":{"confidence_level":0.95,"lower_bound":2742351.827913526,"upper_bound":5311045.831350087},"point_estimate":4275558.869093657,"standard_error":605661.7962020984},"slope":null,"std_dev":{"confidence_interval":{"confidence_level":0.95,"lower_bound":5136466.891968964,"upper_bound":7574918.736100093},"point_estimate":6409023.711623106,"standard_error":622285.3694494575}}