{"mean":{"confidence_interval":{"confidence_level":0.95,"lower_bound":2025829.1225000005,"upper_bound":2138893.168380953},"point_estimate":2075802.1152380947,"standard_error":28996.61873098044},"median":{"confidence_interval":{"confidence_level":0.95,"lower_bound":2015564.7142857143,"upper_bound":2062909.8095238095},"point_estimate":2044401.8333333335,"standard_error":11716.43524299582},"median_abs_dev":{"confidence_interval":{"confidence_level":0.95,"lower_bound":97005.63377780552,"upper_bound":180540.01119477398},"point_estimate":151472.57971082418,"standard_error":22004.46282987983},"slope":null,"std_dev":{"confidence_interval":{"confidence_level":0.95,"lower_bound":144950.2976590128,"upper_bound":438747.54556333745},"point_estimate":292462.2327481608,"standard_error":83729.80868230049}}