{"mean":{"confidence_interval":{"confidence_level":0.95,"lower_bound":402406.2411430474,"upper_bound":416479.79337686184},"point_estimate":408947.6693405062,"standard_error":3586.9157654107344},"median":{"confidence_interval":{"confidence_level":0.95,"lower_bound":393273.56277056277,"upper_bound":407373.04938271607},"point_estimate":398274.5298611111,"standard_error":2677.2193922491306},"median_abs_dev":{"confidence_interval":{"confidence_level":0.95,"lower_bound":16575.91103256192,"upper_bound":28549.58392738818},"point_estimate":22161.719347593043,"standard_error":3137.472175915759},"slope":{"confidence_interval":{"confidence_level":0.95,"lower_bound":399605.03062423435,"upper_bound":410836.84695762745},"point_estimate":405061.61012757994,"standard_error":2855.2939118790177},"std_dev":{"confidence_interval":{"confidence_level":0.95,"lower_bound":24081.559960586877,"upper_bound":49434.6178056781},"point_estimate":36200.93767407049,"standard_error":6993.584320999317}}