{"mean":{"confidence_interval":{"confidence_level":0.95,"lower_bound":181704034.8,"upper_bound":187922394.25},"point_estimate":185007898.15,"standard_error":1596480.6702164316},"median":{"confidence_interval":{"confidence_level":0.95,"lower_bound":182083563.0,"upper_bound":189165245.75},"point_estimate":185087529.25,"standard_error":1889886.502397392},"median_abs_dev":{"confidence_interval":{"confidence_level":0.95,"lower_bound":903079.8133671284,"upper_bound":8691069.986602664},"point_estimate":5354201.870293915,"standard_error":1974270.312793185},"slope":null,"std_dev":{"confidence_interval":{"confidence_level":0.95,"lower_bound":2563629.337807607,"upper_bound":7068751.312574845},"point_estimate":5323523.0704331715,"standard_error":1229066.3268371187}}