{"mean":{"confidence_interval":{"confidence_level":0.95,"lower_bound":252777988.44,"upper_bound":260604262.29625},"point_estimate":256427241.5,"standard_error":2005328.8439582367},"median":{"confidence_interval":{"confidence_level":0.95,"lower_bound":252016115.5,"upper_bound":262080983.0},"point_estimate":253161563.25,"standard_error":2688982.972908555},"median_abs_dev":{"confidence_interval":{"confidence_level":0.95,"lower_bound":459731.6421881318,"upper_bound":10234415.046402812},"point_estimate":2974767.9062873125,"standard_error":2849738.8742769593},"slope":null,"std_dev":{"confidence_interval":{"confidence_level":0.95,"lower_bound":2441767.2560252137,"upper_bound":8305430.97653778},"point_estimate":6690430.255094884,"standard_error":1383605.178622404}}