{"mean":{"confidence_interval":{"confidence_level":0.95,"lower_bound":238494464.125,"upper_bound":244349725.61375},"point_estimate":241514191.75,"standard_error":1495221.5110207633},"median":{"confidence_interval":{"confidence_level":0.95,"lower_bound":238522114.0,"upper_bound":245125039.0},"point_estimate":241630588.25,"standard_error":1797680.6159865186},"median_abs_dev":{"confidence_interval":{"confidence_level":0.95,"lower_bound":1261437.5704050064,"upper_bound":8531387.297737598},"point_estimate":4364796.561509371,"standard_error":1786470.0165326577},"slope":null,"std_dev":{"confidence_interval":{"confidence_level":0.95,"lower_bound":2492487.2510310747,"upper_bound":6661919.49042986},"point_estimate":5000315.1978582265,"standard_error":1098333.1933971697}}