{"mean":{"confidence_interval":{"confidence_level":0.95,"lower_bound":581381742.6025001,"upper_bound":613521127.355},"point_estimate":597858041.6,"standard_error":8176358.394754356},"median":{"confidence_interval":{"confidence_level":0.95,"lower_bound":583766849.5,"upper_bound":613820939.5},"point_estimate":598650970.0,"standard_error":6539211.601972818},"median_abs_dev":{"confidence_interval":{"confidence_level":0.95,"lower_bound":2302773.5378175974,"upper_bound":44662124.78368878},"point_estimate":11964113.28599453,"standard_error":10857671.805343624},"slope":null,"std_dev":{"confidence_interval":{"confidence_level":0.95,"lower_bound":10362362.633344598,"upper_bound":37264125.5503112},"point_estimate":27297761.85238804,"standard_error":6737839.591579384}}