{"mean":{"confidence_interval":{"confidence_level":0.95,"lower_bound":2613808.0722499997,"upper_bound":2784774.4655},"point_estimate":2697869.17,"standard_error":43677.07361992498},"median":{"confidence_interval":{"confidence_level":0.95,"lower_bound":2427618.0,"upper_bound":2901204.9999999963},"point_estimate":2542673.0,"standard_error":127621.8932813294},"median_abs_dev":{"confidence_interval":{"confidence_level":0.95,"lower_bound":266065.9086763859,"upper_bound":693223.7174928188},"point_estimate":441169.8611676693,"standard_error":109151.9743590947},"slope":null,"std_dev":{"confidence_interval":{"confidence_level":0.95,"lower_bound":373735.21482150716,"upper_bound":496896.0672737803},"point_estimate":438983.6668249882,"standard_error":31518.552581063836}}