{"mean":{"confidence_interval":{"confidence_level":0.95,"lower_bound":362128.7308227455,"upper_bound":390707.233241484},"point_estimate":375530.08427544043,"standard_error":7291.388222058752},"median":{"confidence_interval":{"confidence_level":0.95,"lower_bound":348522.24242424243,"upper_bound":373152.3297619048},"point_estimate":355180.7272727273,"standard_error":6125.679372282362},"median_abs_dev":{"confidence_interval":{"confidence_level":0.95,"lower_bound":29782.887576043868,"upper_bound":60335.150266984434},"point_estimate":42909.37868906619,"standard_error":7696.573034655941},"slope":{"confidence_interval":{"confidence_level":0.95,"lower_bound":345623.72263141436,"upper_bound":365286.09611469007},"point_estimate":355148.6823663859,"standard_error":4998.125508848495},"std_dev":{"confidence_interval":{"confidence_level":0.95,"lower_bound":49950.1556516773,"upper_bound":100763.89091070755},"point_estimate":73245.70480231002,"standard_error":14594.61538381945}}