{"mean":{"confidence_interval":{"confidence_level":0.95,"lower_bound":1166153.5324115066,"upper_bound":1228477.083252943},"point_estimate":1196851.8927817878,"standard_error":15820.495933793922},"median":{"confidence_interval":{"confidence_level":0.95,"lower_bound":1150675.0625,"upper_bound":1210481.2066752247},"point_estimate":1191905.8907462687,"standard_error":17337.924843402383},"median_abs_dev":{"confidence_interval":{"confidence_level":0.95,"lower_bound":105364.5888274387,"upper_bound":163254.42634498785},"point_estimate":135324.8666217138,"standard_error":14498.575582048245},"slope":{"confidence_interval":{"confidence_level":0.95,"lower_bound":1155227.6445824138,"upper_bound":1216898.7888029139},"point_estimate":1184049.155055416,"standard_error":15692.894431204582},"std_dev":{"confidence_interval":{"confidence_level":0.95,"lower_bound":127953.0632062178,"upper_bound":187992.54183603762},"point_estimate":159474.8647207028,"standard_error":15333.95817126945}}