{"mean":{"confidence_interval":{"confidence_level":0.95,"lower_bound":-0.008573413948143817,"upper_bound":0.04093218470152451},"point_estimate":0.0173627701159611,"standard_error":0.01257338423285249},"median":{"confidence_interval":{"confidence_level":0.95,"lower_bound":0.019248571219947497,"upper_bound":0.06285834823994815},"point_estimate":0.043804658957730114,"standard_error":0.011329536542816336}}