{"mean":{"confidence_interval":{"confidence_level":0.95,"lower_bound":11.778743795315311,"upper_bound":12.428080076989508},"point_estimate":12.092416909995425,"standard_error":0.16869975971609785},"median":{"confidence_interval":{"confidence_level":0.95,"lower_bound":11.509587731594491,"upper_bound":12.224124587486537},"point_estimate":11.816196795372306,"standard_error":0.16176092079128507}}