{"mean":{"confidence_interval":{"confidence_level":0.95,"lower_bound":0.3452285939128881,"upper_bound":0.41441068361102285},"point_estimate":0.3771512661792691,"standard_error":0.017429711480871676},"median":{"confidence_interval":{"confidence_level":0.95,"lower_bound":0.32831154563021725,"upper_bound":0.37361714895337506},"point_estimate":0.3446289607929842,"standard_error":0.011781610130073877}}