{"mean":{"confidence_interval":{"confidence_level":0.95,"lower_bound":-0.3152018255675361,"upper_bound":-0.28657960246207587},"point_estimate":-0.300727942116083,"standard_error":0.007324997750584873},"median":{"confidence_interval":{"confidence_level":0.95,"lower_bound":-0.29733896328784093,"upper_bound":-0.27657585995270995},"point_estimate":-0.28303456524351334,"standard_error":0.005444818236879327}}