{"mean":{"confidence_interval":{"confidence_level":0.95,"lower_bound":30.61729504884656,"upper_bound":32.35988509830744},"point_estimate":31.468497750278004,"standard_error":0.4460918709726674},"median":{"confidence_interval":{"confidence_level":0.95,"lower_bound":31.17479922730014,"upper_bound":33.081255905597295},"point_estimate":32.28775318893331,"standard_error":0.5093275312072012}}