{"mean":{"confidence_interval":{"confidence_level":0.95,"lower_bound":1822684415.2,"upper_bound":1866661853.0325},"point_estimate":1844278585.9,"standard_error":11251124.306341788},"median":{"confidence_interval":{"confidence_level":0.95,"lower_bound":1813741534.0,"upper_bound":1868449365.5},"point_estimate":1847745973.5,"standard_error":14918566.717041608},"median_abs_dev":{"confidence_interval":{"confidence_level":0.95,"lower_bound":10500817.505273223,"upper_bound":65901083.278521895},"point_estimate":37002383.21467638,"standard_error":13928437.066729246},"slope":null,"std_dev":{"confidence_interval":{"confidence_level":0.95,"lower_bound":20628177.033111654,"upper_bound":48507592.800776444},"point_estimate":37500706.73070961,"standard_error":7250753.544606355}}