{"mean":{"confidence_interval":{"confidence_level":0.95,"lower_bound":2943736808.5325003,"upper_bound":3058335156.9},"point_estimate":2994387998.0,"standard_error":29555510.62922945},"median":{"confidence_interval":{"confidence_level":0.95,"lower_bound":2941798211.0,"upper_bound":3047133474.0},"point_estimate":2956689054.0,"standard_error":27560665.306577608},"median_abs_dev":{"confidence_interval":{"confidence_level":0.95,"lower_bound":3546495.5211371183,"upper_bound":139163094.5491612},"point_estimate":27731734.505063295,"standard_error":38348707.48187811},"slope":null,"std_dev":{"confidence_interval":{"confidence_level":0.95,"lower_bound":32321045.832793027,"upper_bound":137325830.38809183},"point_estimate":98270597.24435844,"standard_error":29398584.258534737}}