{"mean":{"confidence_interval":{"confidence_level":0.95,"lower_bound":4426569224.915,"upper_bound":4639002130.7},"point_estimate":4538385985.2,"standard_error":54460321.010568514},"median":{"confidence_interval":{"confidence_level":0.95,"lower_bound":4375606787.0,"upper_bound":4676796340.0},"point_estimate":4601658947.5,"standard_error":73330548.51351924},"median_abs_dev":{"confidence_interval":{"confidence_level":0.95,"lower_bound":34256321.18032873,"upper_bound":312654738.8428688},"point_estimate":149907373.5026121,"standard_error":70342088.45890121},"slope":null,"std_dev":{"confidence_interval":{"confidence_level":0.95,"lower_bound":80714883.96989311,"upper_bound":223853812.9190908},"point_estimate":181212999.98242155,"standard_error":36153306.17191997}}