{"mean":{"confidence_interval":{"confidence_level":0.95,"lower_bound":24932749167.5,"upper_bound":25589736157.14},"point_estimate":25232083142.4,"standard_error":168704680.8249283},"median":{"confidence_interval":{"confidence_level":0.95,"lower_bound":24862508889.0,"upper_bound":25528333290.0},"point_estimate":25140630414.5,"standard_error":186154626.7994033},"median_abs_dev":{"confidence_interval":{"confidence_level":0.95,"lower_bound":80845123.91871214,"upper_bound":816975589.3240839},"point_estimate":448845754.92209494,"standard_error":182694851.29249838},"slope":null,"std_dev":{"confidence_interval":{"confidence_level":0.95,"lower_bound":239985555.5960141,"upper_bound":784183943.0894309},"point_estimate":565780584.730549,"standard_error":157390107.1108232}}