{"mean":{"confidence_interval":{"confidence_level":0.95,"lower_bound":1698128.76535,"upper_bound":1771578.95121},"point_estimate":1734215.576,"standard_error":18720.47527793583},"median":{"confidence_interval":{"confidence_level":0.95,"lower_bound":1699823.42,"upper_bound":1751333.92},"point_estimate":1723976.6,"standard_error":12924.754308258885},"median_abs_dev":{"confidence_interval":{"confidence_level":0.95,"lower_bound":111291.11424088762,"upper_bound":195801.52255582818},"point_estimate":164024.92766797516,"standard_error":20665.987711573813},"slope":null,"std_dev":{"confidence_interval":{"confidence_level":0.95,"lower_bound":150352.26793195124,"upper_bound":226657.89760701527},"point_estimate":187933.52925416213,"standard_error":19713.505644625347}}