{"mean":{"confidence_interval":{"confidence_level":0.95,"lower_bound":2716654.25675,"upper_bound":2904612.41575},"point_estimate":2808388.82,"standard_error":47941.18987751474},"median":{"confidence_interval":{"confidence_level":0.95,"lower_bound":2732229.0,"upper_bound":2750830.5},"point_estimate":2737330.0,"standard_error":5700.373999514211},"median_abs_dev":{"confidence_interval":{"confidence_level":0.95,"lower_bound":70797.85524308681,"upper_bound":620052.9609918594},"point_estimate":286377.52831578255,"standard_error":150413.94816063668},"slope":null,"std_dev":{"confidence_interval":{"confidence_level":0.95,"lower_bound":383780.83043004543,"upper_bound":574269.7581071466},"point_estimate":481901.67924850906,"standard_error":48926.022279176155}}