{"mean":{"confidence_interval":{"confidence_level":0.95,"lower_bound":1479585.2856461767,"upper_bound":1540344.1727791028},"point_estimate":1508872.7456391335,"standard_error":15553.115160813277},"median":{"confidence_interval":{"confidence_level":0.95,"lower_bound":1449547.8051832872,"upper_bound":1518509.0127912867},"point_estimate":1473074.617293233,"standard_error":19098.419598789955},"median_abs_dev":{"confidence_interval":{"confidence_level":0.95,"lower_bound":93721.92220009635,"upper_bound":152673.33191690376},"point_estimate":114965.06718258998,"standard_error":14574.178823947712},"slope":{"confidence_interval":{"confidence_level":0.95,"lower_bound":1496166.829973043,"upper_bound":1576027.3325719086},"point_estimate":1534293.586809517,"standard_error":20364.407582906137},"std_dev":{"confidence_interval":{"confidence_level":0.95,"lower_bound":120507.12635911058,"upper_bound":190382.3111505026},"point_estimate":156652.3202372474,"standard_error":17871.201252083112}}