{"mean":{"confidence_interval":{"confidence_level":0.95,"lower_bound":41.3536705502527,"upper_bound":43.58808875773261},"point_estimate":42.424815664646715,"standard_error":0.5704311504320924},"median":{"confidence_interval":{"confidence_level":0.95,"lower_bound":40.962075628473215,"upper_bound":43.217699001689866},"point_estimate":41.56223814981852,"standard_error":0.5877652638564599}}