{"mean":{"confidence_interval":{"confidence_level":0.95,"lower_bound":446248.7739438157,"upper_bound":472544.5230338051},"point_estimate":459356.8565661558,"standard_error":6699.649362984419},"median":{"confidence_interval":{"confidence_level":0.95,"lower_bound":435369.5777777778,"upper_bound":456769.53623188403},"point_estimate":442859.1436781609,"standard_error":6124.692486872706},"median_abs_dev":{"confidence_interval":{"confidence_level":0.95,"lower_bound":25841.144015385315,"upper_bound":57613.133436109885},"point_estimate":38659.4225847754,"standard_error":8661.204904252241},"slope":{"confidence_interval":{"confidence_level":0.95,"lower_bound":455444.2992590979,"upper_bound":483860.0493883478},"point_estimate":469014.1101078765,"standard_error":7255.248293172546},"std_dev":{"confidence_interval":{"confidence_level":0.95,"lower_bound":56186.64240817723,"upper_bound":77311.33162727547},"point_estimate":67334.1108616346,"standard_error":5402.175742192196}}