{"mean":{"confidence_interval":{"confidence_level":0.95,"lower_bound":2317745.033349999,"upper_bound":2411584.9563999996},"point_estimate":2364185.731333333,"standard_error":23922.042470684868},"median":{"confidence_interval":{"confidence_level":0.95,"lower_bound":2333998.713333337,"upper_bound":2413029.1},"point_estimate":2382047.6,"standard_error":19642.031556341295},"median_abs_dev":{"confidence_interval":{"confidence_level":0.95,"lower_bound":121242.87456750897,"upper_bound":239120.2471947672},"point_estimate":173096.95690691477,"standard_error":30033.29965700608},"slope":null,"std_dev":{"confidence_interval":{"confidence_level":0.95,"lower_bound":195896.68617520458,"upper_bound":281074.57443429605},"point_estimate":240508.9470169445,"standard_error":21794.015387433392}}