{"mean":{"confidence_interval":{"confidence_level":0.95,"lower_bound":927039.956523343,"upper_bound":988984.8238454155},"point_estimate":957423.1869619128,"standard_error":15804.895788439726},"median":{"confidence_interval":{"confidence_level":0.95,"lower_bound":911525.7510351967,"upper_bound":1002062.3673469388},"point_estimate":970898.6544202899,"standard_error":26014.86241838085},"median_abs_dev":{"confidence_interval":{"confidence_level":0.95,"lower_bound":117424.60757035155,"upper_bound":184873.4414110252},"point_estimate":143432.01645357267,"standard_error":17831.141336290555},"slope":{"confidence_interval":{"confidence_level":0.95,"lower_bound":931754.0390312338,"upper_bound":1034506.917859491},"point_estimate":977822.3918279888,"standard_error":26449.92061144906},"std_dev":{"confidence_interval":{"confidence_level":0.95,"lower_bound":126376.49854888288,"upper_bound":197895.52614865146},"point_estimate":159071.9436042864,"standard_error":18979.331692251773}}