{"mean":{"confidence_interval":{"confidence_level":0.95,"lower_bound":2051128.5158214285,"upper_bound":2146776.4086190485},"point_estimate":2097228.774285715,"standard_error":24425.988658858267},"median":{"confidence_interval":{"confidence_level":0.95,"lower_bound":2057221.4523809524,"upper_bound":2120195.8571428573},"point_estimate":2088694.380952381,"standard_error":16738.714875295107},"median_abs_dev":{"confidence_interval":{"confidence_level":0.95,"lower_bound":119693.82587500998,"upper_bound":206412.66918544285},"point_estimate":155648.6049366848,"standard_error":22368.18157527621},"slope":null,"std_dev":{"confidence_interval":{"confidence_level":0.95,"lower_bound":180900.33624638547,"upper_bound":305571.8355824377},"point_estimate":246346.51570214544,"standard_error":32082.498115114442}}