{"mean":{"confidence_interval":{"confidence_level":0.95,"lower_bound":31.770649224763925,"upper_bound":33.514032549443975},"point_estimate":32.71947252714564,"standard_error":0.44083623190683086},"median":{"confidence_interval":{"confidence_level":0.95,"lower_bound":30.79843049046275,"upper_bound":32.79636722798244},"point_estimate":31.72908305945799,"standard_error":0.5160867881046862}}