{"mean":{"confidence_interval":{"confidence_level":0.95,"lower_bound":6470709610.014999,"upper_bound":6885602618.315},"point_estimate":6669621656.8,"standard_error":106698283.33609763},"median":{"confidence_interval":{"confidence_level":0.95,"lower_bound":6369422418.0,"upper_bound":7118317017.0},"point_estimate":6531908501.0,"standard_error":200078726.39331317},"median_abs_dev":{"confidence_interval":{"confidence_level":0.95,"lower_bound":37961574.247947335,"upper_bound":559406584.8939478},"point_estimate":310199841.65215194,"standard_error":156245625.47517577},"slope":null,"std_dev":{"confidence_interval":{"confidence_level":0.95,"lower_bound":194829537.1978297,"upper_bound":406664815.8946984},"point_estimate":355951893.82477814,"standard_error":51698217.25897018}}