{"mean":{"confidence_interval":{"confidence_level":0.95,"lower_bound":36996544230.5075,"upper_bound":37522013730.3},"point_estimate":37240979781.9,"standard_error":135873148.9916447},"median":{"confidence_interval":{"confidence_level":0.95,"lower_bound":36918667748.5,"upper_bound":37546190077.5},"point_estimate":37081505543.0,"standard_error":163305679.52127564},"median_abs_dev":{"confidence_interval":{"confidence_level":0.95,"lower_bound":71331520.06881237,"upper_bound":724607038.6529535},"point_estimate":298016527.442649,"standard_error":171977691.2722778},"slope":null,"std_dev":{"confidence_interval":{"confidence_level":0.95,"lower_bound":184364984.16590294,"upper_bound":587223451.1946167},"point_estimate":454225653.7721699,"standard_error":103096570.38045757}}