{"mean":{"confidence_interval":{"confidence_level":0.95,"lower_bound":6649906737.837501,"upper_bound":6851731300.6},"point_estimate":6756173370.1,"standard_error":51477106.870213754},"median":{"confidence_interval":{"confidence_level":0.95,"lower_bound":6623938146.0,"upper_bound":6897703312.0},"point_estimate":6803441885.5,"standard_error":77958134.22877733},"median_abs_dev":{"confidence_interval":{"confidence_level":0.95,"lower_bound":27674552.106678486,"upper_bound":292752669.65500116},"point_estimate":149290966.25495553,"standard_error":72051618.69726723},"slope":null,"std_dev":{"confidence_interval":{"confidence_level":0.95,"lower_bound":83643503.46001291,"upper_bound":216392590.61989325},"point_estimate":171988332.78190786,"standard_error":33702645.555130936}}