{"mean":{"confidence_interval":{"confidence_level":0.95,"lower_bound":36673808963.935005,"upper_bound":36979159129.715},"point_estimate":36828147643.2,"standard_error":78120241.76838772},"median":{"confidence_interval":{"confidence_level":0.95,"lower_bound":36628617667.0,"upper_bound":37014060424.5},"point_estimate":36837531586.5,"standard_error":91591245.14405093},"median_abs_dev":{"confidence_interval":{"confidence_level":0.95,"lower_bound":36923015.190285444,"upper_bound":437379741.1123574},"point_estimate":173718232.27158487,"standard_error":106758383.53320697},"slope":null,"std_dev":{"confidence_interval":{"confidence_level":0.95,"lower_bound":133955928.45911023,"upper_bound":337394929.9403537},"point_estimate":261129957.3072648,"standard_error":51797158.21856387}}