{"mean":{"confidence_interval":{"confidence_level":0.95,"lower_bound":2662928989.2999997,"upper_bound":2719470214.6},"point_estimate":2691050666.3,"standard_error":14443334.673833374},"median":{"confidence_interval":{"confidence_level":0.95,"lower_bound":2645757840.5,"upper_bound":2732454082.0},"point_estimate":2694005199.0,"standard_error":26571198.88732502},"median_abs_dev":{"confidence_interval":{"confidence_level":0.95,"lower_bound":11753707.886829972,"upper_bound":77019595.66952884},"point_estimate":65265887.78269887,"standard_error":17964488.922676362},"slope":null,"std_dev":{"confidence_interval":{"confidence_level":0.95,"lower_bound":31326654.834989388,"upper_bound":56142781.639967024},"point_estimate":48035689.90890318,"standard_error":6333365.315089511}}