{"mean":{"confidence_interval":{"confidence_level":0.95,"lower_bound":3816521420.0,"upper_bound":4261269032.2974997},"point_estimate":4008914590.8,"standard_error":116510833.7010007},"median":{"confidence_interval":{"confidence_level":0.95,"lower_bound":3772973525.0,"upper_bound":4193881204.0},"point_estimate":3869024188.0,"standard_error":88368726.3342477},"median_abs_dev":{"confidence_interval":{"confidence_level":0.95,"lower_bound":13668694.058132172,"upper_bound":480532936.429435},"point_estimate":140113891.10138118,"standard_error":98289966.87981051},"slope":null,"std_dev":{"confidence_interval":{"confidence_level":0.95,"lower_bound":58997114.32685326,"upper_bound":531080502.7471317},"point_estimate":387919563.9536962,"standard_error":128217716.89921176}}