{"mean":{"confidence_interval":{"confidence_level":0.95,"lower_bound":37423.727928747074,"upper_bound":38517.086982062705},"point_estimate":37927.73171154928,"standard_error":278.918453570027},"median":{"confidence_interval":{"confidence_level":0.95,"lower_bound":36992.496308016875,"upper_bound":37567.364241336065},"point_estimate":37342.05780022447,"standard_error":151.10270074055018},"median_abs_dev":{"confidence_interval":{"confidence_level":0.95,"lower_bound":942.0432570126003,"upper_bound":1571.8676159627782},"point_estimate":1321.2250743647035,"standard_error":162.89361375075433},"slope":{"confidence_interval":{"confidence_level":0.95,"lower_bound":36918.121793366794,"upper_bound":38354.65514425183},"point_estimate":37578.96776180976,"standard_error":364.92445067755176},"std_dev":{"confidence_interval":{"confidence_level":0.95,"lower_bound":1622.51128435436,"upper_bound":3834.0453654057396},"point_estimate":2806.6402430733583,"standard_error":566.4591612261082}}