{"mean":{"confidence_interval":{"confidence_level":0.95,"lower_bound":1924822.94190625,"upper_bound":2012368.95884375},"point_estimate":1965869.28375,"standard_error":22382.235884304435},"median":{"confidence_interval":{"confidence_level":0.95,"lower_bound":1923959.90625,"upper_bound":1977900.0},"point_estimate":1948539.1875,"standard_error":14356.681124069632},"median_abs_dev":{"confidence_interval":{"confidence_level":0.95,"lower_bound":77446.34316880256,"upper_bound":145616.79960228503},"point_estimate":108971.60770911723,"standard_error":17313.909094239163},"slope":null,"std_dev":{"confidence_interval":{"confidence_level":0.95,"lower_bound":144490.39814887723,"upper_bound":301642.62884435314},"point_estimate":225299.32711611295,"standard_error":40799.47513524733}}