{"mean":{"confidence_interval":{"confidence_level":0.95,"lower_bound":268694.5206172728,"upper_bound":358299.12168995093},"point_estimate":304804.15999643685,"standard_error":23519.61525274308},"median":{"confidence_interval":{"confidence_level":0.95,"lower_bound":258925.15,"upper_bound":266884.2240655988},"point_estimate":261603.90913200722,"standard_error":2146.88639630436},"median_abs_dev":{"confidence_interval":{"confidence_level":0.95,"lower_bound":12409.961571546673,"upper_bound":34350.29673689455},"point_estimate":22230.071673652634,"standard_error":6398.81477095109},"slope":{"confidence_interval":{"confidence_level":0.95,"lower_bound":269175.04122355365,"upper_bound":283799.76328695164},"point_estimate":276343.8245707108,"standard_error":3723.1863073958357},"std_dev":{"confidence_interval":{"confidence_level":0.95,"lower_bound":37476.813406445086,"upper_bound":377483.1080736574},"point_estimate":235434.35737192037,"standard_error":93538.2743487658}}