{"mean":{"confidence_interval":{"confidence_level":0.95,"lower_bound":287555.9883839054,"upper_bound":301098.56948889093},"point_estimate":294108.94600066735,"standard_error":3450.950118952832},"median":{"confidence_interval":{"confidence_level":0.95,"lower_bound":279946.4463335305,"upper_bound":289548.64864864864},"point_estimate":283600.67083333334,"standard_error":2396.302673709496},"median_abs_dev":{"confidence_interval":{"confidence_level":0.95,"lower_bound":13097.284314566092,"upper_bound":22909.181070151306},"point_estimate":18570.179910704035,"standard_error":2454.5299678233446},"slope":{"confidence_interval":{"confidence_level":0.95,"lower_bound":287533.3626491507,"upper_bound":304282.8062689141},"point_estimate":295387.66048544407,"standard_error":4293.229365809457},"std_dev":{"confidence_interval":{"confidence_level":0.95,"lower_bound":26399.17423476469,"upper_bound":42308.754756605726},"point_estimate":34633.995732064155,"standard_error":4075.20752897949}}