{"mean":{"confidence_interval":{"confidence_level":0.95,"lower_bound":2276366.5203214283,"upper_bound":2372964.9704642864},"point_estimate":2324327.4714285713,"standard_error":24588.539440657867},"median":{"confidence_interval":{"confidence_level":0.95,"lower_bound":2277338.2142857146,"upper_bound":2353520.4285714286},"point_estimate":2320240.25,"standard_error":21725.812064134025},"median_abs_dev":{"confidence_interval":{"confidence_level":0.95,"lower_bound":100429.83961701393,"upper_bound":273449.44187030144},"point_estimate":197121.09160040127,"standard_error":49377.923177251745},"slope":null,"std_dev":{"confidence_interval":{"confidence_level":0.95,"lower_bound":208126.46206555556,"upper_bound":280515.3042334745},"point_estimate":246521.51379424386,"standard_error":18482.79597155307}}