{"mean":{"confidence_interval":{"confidence_level":0.95,"lower_bound":51333.55420199758,"upper_bound":52581.090822692706},"point_estimate":51918.00623799241,"standard_error":318.70222655992444},"median":{"confidence_interval":{"confidence_level":0.95,"lower_bound":50961.2762264785,"upper_bound":51538.0},"point_estimate":51358.6443373494,"standard_error":147.987055758403},"median_abs_dev":{"confidence_interval":{"confidence_level":0.95,"lower_bound":1155.5249682059239,"upper_bound":2072.339559277588},"point_estimate":1506.2717596465873,"standard_error":230.59478091810547},"slope":{"confidence_interval":{"confidence_level":0.95,"lower_bound":51216.667627387695,"upper_bound":52678.07763063929},"point_estimate":51887.55490232008,"standard_error":372.2339343097403},"std_dev":{"confidence_interval":{"confidence_level":0.95,"lower_bound":2145.450064901115,"upper_bound":4113.435113359531},"point_estimate":3194.2054161768215,"standard_error":502.6284667017303}}