{"mean":{"confidence_interval":{"confidence_level":0.95,"lower_bound":24.18679021664652,"upper_bound":25.846036225489804},"point_estimate":25.01345184415543,"standard_error":0.4224669934485628},"median":{"confidence_interval":{"confidence_level":0.95,"lower_bound":24.08375804969359,"upper_bound":25.704592582427622},"point_estimate":24.9723878686492,"standard_error":0.42782831726340076}}