{"mean":{"confidence_interval":{"confidence_level":0.95,"lower_bound":7193115547.845,"upper_bound":7273128336.75},"point_estimate":7233793785.6,"standard_error":20485823.98642202},"median":{"confidence_interval":{"confidence_level":0.95,"lower_bound":7157495790.0,"upper_bound":7296584662.0},"point_estimate":7238915288.5,"standard_error":30845289.794182263},"median_abs_dev":{"confidence_interval":{"confidence_level":0.95,"lower_bound":10537235.349726677,"upper_bound":121440423.6010015},"point_estimate":97503629.08376455,"standard_error":31414941.12031741},"slope":null,"std_dev":{"confidence_interval":{"confidence_level":0.95,"lower_bound":39184043.45964466,"upper_bound":81312231.33820243},"point_estimate":68307567.77989012,"standard_error":10351101.379210578}}