{"mean":{"confidence_interval":{"confidence_level":0.95,"lower_bound":41610510219.3675,"upper_bound":41942280519.9},"point_estimate":41776507927.3,"standard_error":84626704.48493709},"median":{"confidence_interval":{"confidence_level":0.95,"lower_bound":41597425096.5,"upper_bound":41940566959.0},"point_estimate":41781900859.0,"standard_error":85699422.63847478},"median_abs_dev":{"confidence_interval":{"confidence_level":0.95,"lower_bound":64710860.91525257,"upper_bound":480267306.4051509},"point_estimate":229919259.92751718,"standard_error":107526663.02959134},"slope":null,"std_dev":{"confidence_interval":{"confidence_level":0.95,"lower_bound":135766390.02322626,"upper_bound":374097762.0688793},"point_estimate":282063886.04313266,"standard_error":60412355.338604435}}