{"mean":{"confidence_interval":{"confidence_level":0.95,"lower_bound":7018509550.2,"upper_bound":7108871565.6875},"point_estimate":7059829208.1,"standard_error":23347349.138317235},"median":{"confidence_interval":{"confidence_level":0.95,"lower_bound":7002840324.0,"upper_bound":7111952419.0},"point_estimate":7036659439.0,"standard_error":28788786.2268288},"median_abs_dev":{"confidence_interval":{"confidence_level":0.95,"lower_bound":1284205.8582007885,"upper_bound":120802523.84282649},"point_estimate":59687884.85182822,"standard_error":28372449.837975703},"slope":null,"std_dev":{"confidence_interval":{"confidence_level":0.95,"lower_bound":34124510.27523405,"upper_bound":105625089.41536199},"point_estimate":77707378.17834273,"standard_error":20348971.185806528}}