{"mean":{"confidence_interval":{"confidence_level":0.95,"lower_bound":4055259505.9,"upper_bound":4138764249.7},"point_estimate":4098426845.9,"standard_error":21330717.046614792},"median":{"confidence_interval":{"confidence_level":0.95,"lower_bound":4049063977.0,"upper_bound":4170598422.0},"point_estimate":4096132090.5,"standard_error":28471376.48215139},"median_abs_dev":{"confidence_interval":{"confidence_level":0.95,"lower_bound":17150379.204019904,"upper_bound":128795699.92201924},"point_estimate":72091426.68532133,"standard_error":28058920.14033357},"slope":null,"std_dev":{"confidence_interval":{"confidence_level":0.95,"lower_bound":39076329.03070871,"upper_bound":92815418.26632911},"point_estimate":71220171.2583408,"standard_error":14491912.446833158}}