{"mean":{"confidence_interval":{"confidence_level":0.95,"lower_bound":-0.3198914508965419,"upper_bound":-0.27843800669591473},"point_estimate":-0.30081679937811356,"standard_error":0.010504065338593363},"median":{"confidence_interval":{"confidence_level":0.95,"lower_bound":-0.3185955004730154,"upper_bound":-0.29535086742888494},"point_estimate":-0.30766903850358696,"standard_error":0.005941415842218992}}