{"mean":{"confidence_interval":{"confidence_level":0.95,"lower_bound":6.99294783783587,"upper_bound":7.623499024511638},"point_estimate":7.295257600598211,"standard_error":0.16023496343099802},"median":{"confidence_interval":{"confidence_level":0.95,"lower_bound":6.996912796744707,"upper_bound":7.362665896557255},"point_estimate":7.174326930307041,"standard_error":0.0902538108910892}}