{"mean":{"confidence_interval":{"confidence_level":0.95,"lower_bound":0.2863353265558254,"upper_bound":0.35496194339453546},"point_estimate":0.32060641481403174,"standard_error":0.017616658788258424},"median":{"confidence_interval":{"confidence_level":0.95,"lower_bound":0.31316806448007806,"upper_bound":0.36646429661779933},"point_estimate":0.34127586615571426,"standard_error":0.012537020337129645}}