{"mean":{"confidence_interval":{"confidence_level":0.95,"lower_bound":0.02181251106233464,"upper_bound":0.07067815719825743},"point_estimate":0.04661029307708087,"standard_error":0.012454753795247244},"median":{"confidence_interval":{"confidence_level":0.95,"lower_bound":0.023010633897492694,"upper_bound":0.07481068257526013},"point_estimate":0.04064575521131286,"standard_error":0.012913370022672897}}