{"mean":{"confidence_interval":{"confidence_level":0.95,"lower_bound":-0.2899018326826273,"upper_bound":-0.2654554052921244},"point_estimate":-0.27851466889934906,"standard_error":0.006275507040904301},"median":{"confidence_interval":{"confidence_level":0.95,"lower_bound":-0.2978004388766484,"upper_bound":-0.263829438757447},"point_estimate":-0.28545483127284366,"standard_error":0.008983288920928034}}