{"mean":{"confidence_interval":{"confidence_level":0.95,"lower_bound":-0.11537541024878804,"upper_bound":-0.10124490157094494},"point_estimate":-0.1085664736098284,"standard_error":0.0035682842239736774},"median":{"confidence_interval":{"confidence_level":0.95,"lower_bound":-0.1176123273428159,"upper_bound":-0.10137668929410637},"point_estimate":-0.11249835980086853,"standard_error":0.004168634955981874}}