{"mean":{"confidence_interval":{"confidence_level":0.95,"lower_bound":-0.09889763344043434,"upper_bound":-0.08482574400065461},"point_estimate":-0.09249799338100728,"standard_error":0.0035855733611242294},"median":{"confidence_interval":{"confidence_level":0.95,"lower_bound":-0.10289252667894278,"upper_bound":-0.08236288765086286},"point_estimate":-0.09564884846766497,"standard_error":0.005088352984256997}}