{"mean":{"confidence_interval":{"confidence_level":0.95,"lower_bound":-0.26151823637126137,"upper_bound":-0.24421233685056418},"point_estimate":-0.2527844957878961,"standard_error":0.0044139161277237365},"median":{"confidence_interval":{"confidence_level":0.95,"lower_bound":-0.26172652428338594,"upper_bound":-0.24061244971519358},"point_estimate":-0.24894722904178956,"standard_error":0.005182650287158049}}