{"mean":{"confidence_interval":{"confidence_level":0.95,"lower_bound":0.04643132193339785,"upper_bound":0.17939311552021386},"point_estimate":0.10065861707740265,"standard_error":0.03331684051185062},"median":{"confidence_interval":{"confidence_level":0.95,"lower_bound":0.0333678326413025,"upper_bound":0.1502313991026749},"point_estimate":0.059674846138851434,"standard_error":0.025786744875650504}}