{"mean":{"confidence_interval":{"confidence_level":0.95,"lower_bound":-0.3531521987056686,"upper_bound":-0.33353397663638107},"point_estimate":-0.34339424186817347,"standard_error":0.005004418931577112},"median":{"confidence_interval":{"confidence_level":0.95,"lower_bound":-0.3602321171183004,"upper_bound":-0.3295802733794094},"point_estimate":-0.34230509674038545,"standard_error":0.008122639511271769}}