{"mean":{"confidence_interval":{"confidence_level":0.95,"lower_bound":-0.12604413346080642,"upper_bound":-0.07357219714386615},"point_estimate":-0.10148064965211889,"standard_error":0.013759767333226045},"median":{"confidence_interval":{"confidence_level":0.95,"lower_bound":-0.141669782438689,"upper_bound":-0.03676866057480954},"point_estimate":-0.1164705824969351,"standard_error":0.02652160093314778}}