{"mean":{"confidence_interval":{"confidence_level":0.95,"lower_bound":0.276063382506635,"upper_bound":0.30620273548944127},"point_estimate":0.2906329651993911,"standard_error":0.00770103146449113},"median":{"confidence_interval":{"confidence_level":0.95,"lower_bound":0.27388184954185113,"upper_bound":0.30786200563909993},"point_estimate":0.28765459112622094,"standard_error":0.008949353365836304}}