{"mean":{"confidence_interval":{"confidence_level":0.95,"lower_bound":-0.0576778599858916,"upper_bound":-0.04005279963356832},"point_estimate":-0.048912595040287776,"standard_error":0.004520689931952245},"median":{"confidence_interval":{"confidence_level":0.95,"lower_bound":-0.05878509511491403,"upper_bound":-0.03762990070246919},"point_estimate":-0.04819615670438282,"standard_error":0.005339805248090952}}