{"mean":{"confidence_interval":{"confidence_level":0.95,"lower_bound":-0.022455994953118872,"upper_bound":0.04783799423736542},"point_estimate":0.01297700495675902,"standard_error":0.018012741141408592},"median":{"confidence_interval":{"confidence_level":0.95,"lower_bound":-0.04662113842121984,"upper_bound":0.07709265054517433},"point_estimate":0.04157029824567049,"standard_error":0.032516950741260604}}