{"mean":{"confidence_interval":{"confidence_level":0.95,"lower_bound":-0.1348232977067906,"upper_bound":-0.1133364032447481},"point_estimate":-0.12389271315127659,"standard_error":0.005460451926139407},"median":{"confidence_interval":{"confidence_level":0.95,"lower_bound":-0.1380945036646802,"upper_bound":-0.11201852305692483},"point_estimate":-0.1229807875058393,"standard_error":0.006550286240494124}}