{"mean":{"confidence_interval":{"confidence_level":0.95,"lower_bound":-0.03934768097738173,"upper_bound":0.0750815921871054},"point_estimate":0.02232830185642265,"standard_error":0.029722280956920203},"median":{"confidence_interval":{"confidence_level":0.95,"lower_bound":-0.02189830959265293,"upper_bound":0.08971200470499441},"point_estimate":0.05869901335959282,"standard_error":0.022983311383837877}}