{"mean":{"confidence_interval":{"confidence_level":0.95,"lower_bound":-0.8075379818390334,"upper_bound":-0.8040702078363312},"point_estimate":-0.8057571570897338,"standard_error":0.0008846601084316468},"median":{"confidence_interval":{"confidence_level":0.95,"lower_bound":-0.8077435282038039,"upper_bound":-0.8028473062050405},"point_estimate":-0.8047836736265819,"standard_error":0.0011918888381455383}}