{"mean":{"confidence_interval":{"confidence_level":0.95,"lower_bound":388102.3528334747,"upper_bound":401534.0238404483},"point_estimate":394532.40181812877,"standard_error":3423.479950595954},"median":{"confidence_interval":{"confidence_level":0.95,"lower_bound":382686.9948320413,"upper_bound":389244.6075986419},"point_estimate":386478.2216775599,"standard_error":1722.7159256697119},"median_abs_dev":{"confidence_interval":{"confidence_level":0.95,"lower_bound":16428.858847052892,"upper_bound":28191.747956860734},"point_estimate":22236.0043948148,"standard_error":3046.8920502167102},"slope":{"confidence_interval":{"confidence_level":0.95,"lower_bound":394242.1025460832,"upper_bound":410888.3976970702},"point_estimate":402474.70550810307,"standard_error":4253.267351260438},"std_dev":{"confidence_interval":{"confidence_level":0.95,"lower_bound":25499.358636673132,"upper_bound":42635.423804845785},"point_estimate":34371.50376773936,"standard_error":4402.688864255098}}