{"mean":{"confidence_interval":{"confidence_level":0.95,"lower_bound":533773.8948426512,"upper_bound":566858.4718311224},"point_estimate":550565.8345698355,"standard_error":8446.38766761964},"median":{"confidence_interval":{"confidence_level":0.95,"lower_bound":548861.9493670886,"upper_bound":568358.7592592592},"point_estimate":557038.1144480519,"standard_error":4418.250568312553},"median_abs_dev":{"confidence_interval":{"confidence_level":0.95,"lower_bound":34767.86881578816,"upper_bound":66394.59478108953},"point_estimate":50282.721693969885,"standard_error":8261.695254270482},"slope":{"confidence_interval":{"confidence_level":0.95,"lower_bound":543597.8411469507,"upper_bound":569609.4110366799},"point_estimate":556204.2053125462,"standard_error":6617.943404140348},"std_dev":{"confidence_interval":{"confidence_level":0.95,"lower_bound":70779.62293532645,"upper_bound":97478.42488728545},"point_estimate":85064.9173893676,"standard_error":6809.72716557964}}