{"mean":{"confidence_interval":{"confidence_level":0.95,"lower_bound":419157.55829443585,"upper_bound":439681.19676619314},"point_estimate":429294.3680421215,"standard_error":5224.325109684686},"median":{"confidence_interval":{"confidence_level":0.95,"lower_bound":411609.6712962963,"upper_bound":428725.3611111111},"point_estimate":419092.5298507463,"standard_error":3672.9139832424676},"median_abs_dev":{"confidence_interval":{"confidence_level":0.95,"lower_bound":28136.11469697537,"upper_bound":51087.94323769239},"point_estimate":37818.21336513349,"standard_error":5692.690093681793},"slope":{"confidence_interval":{"confidence_level":0.95,"lower_bound":430282.46098741266,"upper_bound":454764.70172211877},"point_estimate":442129.47611250676,"standard_error":6245.123681579466},"std_dev":{"confidence_interval":{"confidence_level":0.95,"lower_bound":44115.7805214426,"upper_bound":59605.24864603767},"point_estimate":52450.01016113238,"standard_error":3948.0074381391582}}