{"mean":{"confidence_interval":{"confidence_level":0.95,"lower_bound":1345852.4152979972,"upper_bound":1410059.445992913},"point_estimate":1376912.0046674209,"standard_error":16353.458696421536},"median":{"confidence_interval":{"confidence_level":0.95,"lower_bound":1320375.1927272729,"upper_bound":1356834.6195652173},"point_estimate":1339859.6911764706,"standard_error":8178.156299905573},"median_abs_dev":{"confidence_interval":{"confidence_level":0.95,"lower_bound":78932.16620624966,"upper_bound":136367.7688123216},"point_estimate":108633.91899073173,"standard_error":14251.29489930263},"slope":{"confidence_interval":{"confidence_level":0.95,"lower_bound":1336447.9784239153,"upper_bound":1405998.3593336905},"point_estimate":1370061.461912221,"standard_error":17737.59882840917},"std_dev":{"confidence_interval":{"confidence_level":0.95,"lower_bound":132840.24048768936,"upper_bound":192911.8265610373},"point_estimate":164843.79539616627,"standard_error":15326.61591181478}}