{"mean":{"confidence_interval":{"confidence_level":0.95,"lower_bound":1279316.211752319,"upper_bound":1330625.4223022084},"point_estimate":1304643.2203350132,"standard_error":13096.784844292655},"median":{"confidence_interval":{"confidence_level":0.95,"lower_bound":1271359.5625,"upper_bound":1308333.691236413},"point_estimate":1289736.3562259306,"standard_error":9767.76339095261},"median_abs_dev":{"confidence_interval":{"confidence_level":0.95,"lower_bound":59633.58076394745,"upper_bound":129059.2471294314},"point_estimate":96163.00574444122,"standard_error":18133.65190571592},"slope":{"confidence_interval":{"confidence_level":0.95,"lower_bound":1266487.0754441062,"upper_bound":1326441.7765006179},"point_estimate":1296559.1061061032,"standard_error":15305.669498261379},"std_dev":{"confidence_interval":{"confidence_level":0.95,"lower_bound":107787.56375261443,"upper_bound":156033.35093077418},"point_estimate":132485.1059607036,"standard_error":12314.441876880037}}