{"mean":{"confidence_interval":{"confidence_level":0.95,"lower_bound":-0.024331921970105225,"upper_bound":0.020400930933833796},"point_estimate":-0.002088660666550335,"standard_error":0.011358630206404204},"median":{"confidence_interval":{"confidence_level":0.95,"lower_bound":-0.025102482326957443,"upper_bound":0.016142657279606905},"point_estimate":-0.006894239864371654,"standard_error":0.010414605733774708}}