{"mean":{"confidence_interval":{"confidence_level":0.95,"lower_bound":-0.3154885857115472,"upper_bound":-0.2804304658312499},"point_estimate":-0.2978079243902343,"standard_error":0.008953866033098867},"median":{"confidence_interval":{"confidence_level":0.95,"lower_bound":-0.3038145603592328,"upper_bound":-0.28705284407196063},"point_estimate":-0.29610519716563977,"standard_error":0.004284429281653764}}