{"mean":{"confidence_interval":{"confidence_level":0.95,"lower_bound":0.35318958994528826,"upper_bound":0.4160812778961794},"point_estimate":0.38341406064659234,"standard_error":0.015965442757584315},"median":{"confidence_interval":{"confidence_level":0.95,"lower_bound":0.3672602212705432,"upper_bound":0.4146733666207354},"point_estimate":0.3942967126217696,"standard_error":0.011628369009065647}}