{"mean":{"confidence_interval":{"confidence_level":0.95,"lower_bound":8.307832727087085,"upper_bound":9.031605652591677},"point_estimate":8.658902286354222,"standard_error":0.18534233671131076},"median":{"confidence_interval":{"confidence_level":0.95,"lower_bound":8.079162493704604,"upper_bound":8.51082692857242},"point_estimate":8.222164311213813,"standard_error":0.13221096718994296}}