{"mean":{"confidence_interval":{"confidence_level":0.95,"lower_bound":268564.8440501121,"upper_bound":281481.9240747644},"point_estimate":274836.0773545427,"standard_error":3291.116037221123},"median":{"confidence_interval":{"confidence_level":0.95,"lower_bound":266355.01171875,"upper_bound":273698.4637641674},"point_estimate":270311.8293821839,"standard_error":1889.5412811333556},"median_abs_dev":{"confidence_interval":{"confidence_level":0.95,"lower_bound":10398.842803415497,"upper_bound":18700.564851796684},"point_estimate":15204.328705763648,"standard_error":2163.5466526007895},"slope":{"confidence_interval":{"confidence_level":0.95,"lower_bound":274253.23678806657,"upper_bound":287762.54063714406},"point_estimate":280699.1190498005,"standard_error":3457.92514867753},"std_dev":{"confidence_interval":{"confidence_level":0.95,"lower_bound":22975.79641563025,"upper_bound":42246.67324316494},"point_estimate":32997.97617473969,"standard_error":4944.1613503675635}}