{"mean":{"confidence_interval":{"confidence_level":0.95,"lower_bound":-0.0653566782759095,"upper_bound":-0.04687387401746104},"point_estimate":-0.055976464426612416,"standard_error":0.004694486627922041},"median":{"confidence_interval":{"confidence_level":0.95,"lower_bound":-0.06845653108683747,"upper_bound":-0.04137508772294063},"point_estimate":-0.05546315335830421,"standard_error":0.007266369215561731}}