{"mean":{"confidence_interval":{"confidence_level":0.95,"lower_bound":0.15691399993478322,"upper_bound":0.21069764781095104},"point_estimate":0.18086393610948637,"standard_error":0.013857074604290911},"median":{"confidence_interval":{"confidence_level":0.95,"lower_bound":0.1447289056510952,"upper_bound":0.20955289261085208},"point_estimate":0.16035401510516012,"standard_error":0.0172524851213834}}