{"mean":{"confidence_interval":{"confidence_level":0.95,"lower_bound":-0.11110058636097178,"upper_bound":-0.05366939375046165},"point_estimate":-0.08495165115027337,"standard_error":0.01469540710623112},"median":{"confidence_interval":{"confidence_level":0.95,"lower_bound":-0.1245096659522339,"upper_bound":-0.054114984852728254},"point_estimate":-0.10149678221019443,"standard_error":0.01837263071884599}}