{"mean":{"confidence_interval":{"confidence_level":0.95,"lower_bound":-0.09867236366398269,"upper_bound":-0.07836021938188265},"point_estimate":-0.08909677754335776,"standard_error":0.00524607031664804},"median":{"confidence_interval":{"confidence_level":0.95,"lower_bound":-0.10070852125180829,"upper_bound":-0.07536712872201379},"point_estimate":-0.09304282440003753,"standard_error":0.006652010725322616}}