{"mean":{"confidence_interval":{"confidence_level":0.95,"lower_bound":-0.3413040922424282,"upper_bound":-0.3231727271212325},"point_estimate":-0.33216118460412025,"standard_error":0.0046687932335289966},"median":{"confidence_interval":{"confidence_level":0.95,"lower_bound":-0.3468390281052032,"upper_bound":-0.3230181758541698},"point_estimate":-0.33276428014120385,"standard_error":0.006315075802639753}}