{"mean":{"confidence_interval":{"confidence_level":0.95,"lower_bound":-0.1869067194814024,"upper_bound":-0.16242665096222372},"point_estimate":-0.17387254762151327,"standard_error":0.006249485923194839},"median":{"confidence_interval":{"confidence_level":0.95,"lower_bound":-0.19405344692720972,"upper_bound":-0.15362324818604806},"point_estimate":-0.16823931568648642,"standard_error":0.01045397050212987}}