{"mean":{"confidence_interval":{"confidence_level":0.95,"lower_bound":-0.09759907036647936,"upper_bound":-0.06027943118830369},"point_estimate":-0.07775397248302751,"standard_error":0.009557779208469957},"median":{"confidence_interval":{"confidence_level":0.95,"lower_bound":-0.0934853620396413,"upper_bound":-0.054385947557298864},"point_estimate":-0.06339316396711636,"standard_error":0.009365951261449982}}