{"mean":{"confidence_interval":{"confidence_level":0.95,"lower_bound":-0.2770917183438143,"upper_bound":-0.2453092913198763},"point_estimate":-0.26087874958855084,"standard_error":0.008126925782390777},"median":{"confidence_interval":{"confidence_level":0.95,"lower_bound":-0.2762789520472989,"upper_bound":-0.23984011847051578},"point_estimate":-0.25906059654041635,"standard_error":0.009663980691836358}}