{"mean":{"confidence_interval":{"confidence_level":0.95,"lower_bound":0.2225549310235249,"upper_bound":0.26545789697421013},"point_estimate":0.24404863160501788,"standard_error":0.011076188094249128},"median":{"confidence_interval":{"confidence_level":0.95,"lower_bound":0.2329308996388877,"upper_bound":0.27196983818086506},"point_estimate":0.2591070551686374,"standard_error":0.01029277956500789}}