{"mean":{"confidence_interval":{"confidence_level":0.95,"lower_bound":-0.8152265329135123,"upper_bound":-0.8095896397796343},"point_estimate":-0.8122202553487097,"standard_error":0.0014328604644791262},"median":{"confidence_interval":{"confidence_level":0.95,"lower_bound":-0.8148763818008548,"upper_bound":-0.809118518833305},"point_estimate":-0.811847995793622,"standard_error":0.0015163596281655349}}