{"mean":{"confidence_interval":{"confidence_level":0.95,"lower_bound":-0.1052474959269403,"upper_bound":-0.0738909049755565},"point_estimate":-0.09126296362755348,"standard_error":0.008085207771099421},"median":{"confidence_interval":{"confidence_level":0.95,"lower_bound":-0.10847435566127517,"upper_bound":-0.08218602377894801},"point_estimate":-0.09811231407530441,"standard_error":0.00641726925977226}}