{"mean":{"confidence_interval":{"confidence_level":0.95,"lower_bound":9.04818623892985,"upper_bound":10.987285291937269},"point_estimate":9.792976716128281,"standard_error":0.48916969777176683},"median":{"confidence_interval":{"confidence_level":0.95,"lower_bound":8.89226436970503,"upper_bound":11.054760029111602},"point_estimate":9.149628699083424,"standard_error":0.5087516518646144}}