{"mean":{"confidence_interval":{"confidence_level":0.95,"lower_bound":-0.09291254599377408,"upper_bound":-0.04922037531714872},"point_estimate":-0.0698526492378978,"standard_error":0.011616404350232494},"median":{"confidence_interval":{"confidence_level":0.95,"lower_bound":-0.10470996171405855,"upper_bound":-0.04011426422405939},"point_estimate":-0.0554444168472733,"standard_error":0.01597964410608799}}