{"mean":{"confidence_interval":{"confidence_level":0.95,"lower_bound":3137753.678421875,"upper_bound":3207076.5098593747},"point_estimate":3172420.51375,"standard_error":17676.965155172555},"median":{"confidence_interval":{"confidence_level":0.95,"lower_bound":3107437.625,"upper_bound":3210456.65625},"point_estimate":3167872.15625,"standard_error":26910.361195858175},"median_abs_dev":{"confidence_interval":{"confidence_level":0.95,"lower_bound":155737.7683226019,"upper_bound":265126.5460741566},"point_estimate":201721.99644371867,"standard_error":27340.935108052294},"slope":null,"std_dev":{"confidence_interval":{"confidence_level":0.95,"lower_bound":158269.01096261642,"upper_bound":192773.11790853902},"point_estimate":177080.8013614521,"standard_error":8809.105980402093}}