{"mean":{"confidence_interval":{"confidence_level":0.95,"lower_bound":3965215.03398077,"upper_bound":4005711.6365192286},"point_estimate":3983884.3123076926,"standard_error":10298.1454445708},"median":{"confidence_interval":{"confidence_level":0.95,"lower_bound":3951760.5384615385,"upper_bound":3971983.076923077},"point_estimate":3958638.230769231,"standard_error":5245.0465016773605},"median_abs_dev":{"confidence_interval":{"confidence_level":0.95,"lower_bound":37518.788980062294,"upper_bound":66253.79466760607},"point_estimate":51335.36622707658,"standard_error":7135.868619638056},"slope":null,"std_dev":{"confidence_interval":{"confidence_level":0.95,"lower_bound":63101.653347377825,"upper_bound":141325.2055671155},"point_estimate":103349.55755726711,"standard_error":20282.620649309465}}