{"mean":{"confidence_interval":{"confidence_level":0.95,"lower_bound":8213847.051285714,"upper_bound":8281509.663107141},"point_estimate":8246905.128571428,"standard_error":17231.60391699221},"median":{"confidence_interval":{"confidence_level":0.95,"lower_bound":8187366.857142857,"upper_bound":8252703.142857143},"point_estimate":8221417.214285715,"standard_error":15263.444694699332},"median_abs_dev":{"confidence_interval":{"confidence_level":0.95,"lower_bound":103845.43225637464,"upper_bound":184997.34211563994},"point_estimate":145295.32692049252,"standard_error":19947.764989865496},"slope":null,"std_dev":{"confidence_interval":{"confidence_level":0.95,"lower_bound":140393.8487193025,"upper_bound":204677.7486012669},"point_estimate":173735.81269393,"standard_error":16480.92099449576}}