{"mean":{"confidence_interval":{"confidence_level":0.95,"lower_bound":176130105.07874998,"upper_bound":177961043.03575},"point_estimate":177045306.76,"standard_error":470094.05895421904},"median":{"confidence_interval":{"confidence_level":0.95,"lower_bound":175852257.0,"upper_bound":178208973.0},"point_estimate":176738309.5,"standard_error":576568.6488202042},"median_abs_dev":{"confidence_interval":{"confidence_level":0.95,"lower_bound":3500143.515560031,"upper_bound":6003175.33446483},"point_estimate":4698613.582482934,"standard_error":634825.2123934602},"slope":null,"std_dev":{"confidence_interval":{"confidence_level":0.95,"lower_bound":4074570.859143347,"upper_bound":5277289.824212393},"point_estimate":4706091.337853034,"standard_error":306434.1741692449}}