{"mean":{"confidence_interval":{"confidence_level":0.95,"lower_bound":7817495.027857142,"upper_bound":7876063.482571426},"point_estimate":7847344.499999997,"standard_error":14956.527450595842},"median":{"confidence_interval":{"confidence_level":0.95,"lower_bound":7880211.071428571,"upper_bound":7950933.071428572},"point_estimate":7917039.428571429,"standard_error":15953.836626919112},"median_abs_dev":{"confidence_interval":{"confidence_level":0.95,"lower_bound":41825.871427442,"upper_bound":137293.9466625452},"point_estimate":83959.74240941582,"standard_error":22684.24409159239},"slope":null,"std_dev":{"confidence_interval":{"confidence_level":0.95,"lower_bound":130453.17158033239,"upper_bound":166977.63465759155},"point_estimate":150703.94140447464,"standard_error":9301.755021762126}}