{"mean":{"confidence_interval":{"confidence_level":0.95,"lower_bound":153567907.84575,"upper_bound":156941606.04},"point_estimate":154917284.95,"standard_error":885290.307470466},"median":{"confidence_interval":{"confidence_level":0.95,"lower_bound":152648798.0,"upper_bound":153574081.0},"point_estimate":153140814.0,"standard_error":233853.9012206546},"median_abs_dev":{"confidence_interval":{"confidence_level":0.95,"lower_bound":1519864.864562005,"upper_bound":2703950.2646952868},"point_estimate":2091722.466364503,"standard_error":292478.3035740744},"slope":null,"std_dev":{"confidence_interval":{"confidence_level":0.95,"lower_bound":2657923.586560497,"upper_bound":14400335.66801304},"point_estimate":8866156.234603,"standard_error":3649710.2771216165}}