{"mean":{"confidence_interval":{"confidence_level":0.95,"lower_bound":7.665691362227905,"upper_bound":8.15782797917668},"point_estimate":7.924078082815196,"standard_error":0.12703267218781752},"median":{"confidence_interval":{"confidence_level":0.95,"lower_bound":7.790407963499968,"upper_bound":8.050580908619889},"point_estimate":7.93215289709315,"standard_error":0.06314282352370167}}