{"mean":{"confidence_interval":{"confidence_level":0.95,"lower_bound":0.24541580114985953,"upper_bound":0.3471675506832071},"point_estimate":0.2986421541624873,"standard_error":0.02602370595685229},"median":{"confidence_interval":{"confidence_level":0.95,"lower_bound":0.2878105605894832,"upper_bound":0.3532273718203649},"point_estimate":0.31850522675678383,"standard_error":0.01704013276539375}}