{"mean":{"confidence_interval":{"confidence_level":0.95,"lower_bound":-0.3247836332850719,"upper_bound":-0.2893595899749056},"point_estimate":-0.30699643909898355,"standard_error":0.009000461136943909},"median":{"confidence_interval":{"confidence_level":0.95,"lower_bound":-0.3159314961365378,"upper_bound":-0.2903411318307959},"point_estimate":-0.3052119263719255,"standard_error":0.0066741185538614}}