{"mean":{"confidence_interval":{"confidence_level":0.95,"lower_bound":0.07196263790297265,"upper_bound":0.1685586543164181},"point_estimate":0.11781469447028758,"standard_error":0.024436950163036767},"median":{"confidence_interval":{"confidence_level":0.95,"lower_bound":0.08945397992740123,"upper_bound":0.14089997575999402},"point_estimate":0.11895418828947091,"standard_error":0.013439836957949826}}