{"mean":{"confidence_interval":{"confidence_level":0.95,"lower_bound":249298.13234496806,"upper_bound":261664.69888809844},"point_estimate":255309.47879373073,"standard_error":3152.8329163772582},"median":{"confidence_interval":{"confidence_level":0.95,"lower_bound":250778.36577319587,"upper_bound":256251.43220338982},"point_estimate":254106.0539661319,"standard_error":1525.171867935913},"median_abs_dev":{"confidence_interval":{"confidence_level":0.95,"lower_bound":10389.656761869837,"upper_bound":19542.528624925777},"point_estimate":15178.622138192271,"standard_error":2327.057635358421},"slope":{"confidence_interval":{"confidence_level":0.95,"lower_bound":251564.03122494832,"upper_bound":261032.6077619909},"point_estimate":256072.4507928181,"standard_error":2418.333886262457},"std_dev":{"confidence_interval":{"confidence_level":0.95,"lower_bound":23284.069803428567,"upper_bound":39214.343890085176},"point_estimate":31756.91152700215,"standard_error":4063.5028840149266}}