{"mean":{"confidence_interval":{"confidence_level":0.95,"lower_bound":16328.700097607392,"upper_bound":16462.86866550307},"point_estimate":16396.763738122107,"standard_error":34.36405473333411},"median":{"confidence_interval":{"confidence_level":0.95,"lower_bound":16320.655827123695,"upper_bound":16598.86507359422},"point_estimate":16475.373962965423,"standard_error":71.17911474075946},"median_abs_dev":{"confidence_interval":{"confidence_level":0.95,"lower_bound":240.0019952368069,"upper_bound":517.068586997725},"point_estimate":406.19711606105096,"standard_error":76.11801044285647},"slope":{"confidence_interval":{"confidence_level":0.95,"lower_bound":16140.604594378081,"upper_bound":16321.217101525186},"point_estimate":16227.892110943416,"standard_error":46.21001522184055},"std_dev":{"confidence_interval":{"confidence_level":0.95,"lower_bound":306.20885598225203,"upper_bound":378.8662018835652},"point_estimate":344.9171299636326,"standard_error":18.49804150509073}}