{"mean":{"confidence_interval":{"confidence_level":0.95,"lower_bound":855871.4825316697,"upper_bound":898836.5597077763},"point_estimate":877071.6882102035,"standard_error":10961.410633197998},"median":{"confidence_interval":{"confidence_level":0.95,"lower_bound":841222.1073573574,"upper_bound":897434.4295774648},"point_estimate":875831.2090617716,"standard_error":13901.656688310572},"median_abs_dev":{"confidence_interval":{"confidence_level":0.95,"lower_bound":87042.77978214886,"upper_bound":134413.77157731476},"point_estimate":118795.1476204263,"standard_error":12270.293714462989},"slope":{"confidence_interval":{"confidence_level":0.95,"lower_bound":816968.2543346091,"upper_bound":879123.7917587415},"point_estimate":845769.8814807152,"standard_error":15956.37489718249},"std_dev":{"confidence_interval":{"confidence_level":0.95,"lower_bound":93116.45410693402,"upper_bound":125939.37741482526},"point_estimate":110365.85409131821,"standard_error":8379.023138561317}}