{"mean":{"confidence_interval":{"confidence_level":0.95,"lower_bound":37935.7397123185,"upper_bound":38854.849503543184},"point_estimate":38382.29872973342,"standard_error":235.06255986621443},"median":{"confidence_interval":{"confidence_level":0.95,"lower_bound":37477.61660472092,"upper_bound":38596.31138716356},"point_estimate":37910.92024691358,"standard_error":276.49740108575975},"median_abs_dev":{"confidence_interval":{"confidence_level":0.95,"lower_bound":1521.335268238251,"upper_bound":2434.377723534339},"point_estimate":1856.23861377674,"standard_error":233.98531762047085},"slope":{"confidence_interval":{"confidence_level":0.95,"lower_bound":38029.402188036576,"upper_bound":38844.48409683917},"point_estimate":38423.659909473536,"standard_error":208.1265295707633},"std_dev":{"confidence_interval":{"confidence_level":0.95,"lower_bound":1880.9536750601724,"upper_bound":2823.8709253188204},"point_estimate":2364.9100937151693,"standard_error":242.5352666701417}}