{"mean":{"confidence_interval":{"confidence_level":0.95,"lower_bound":252576.84158228993,"upper_bound":274845.39940271014},"point_estimate":262641.40766102687,"standard_error":5727.797371088132},"median":{"confidence_interval":{"confidence_level":0.95,"lower_bound":247864.16522988508,"upper_bound":259052.5942857143},"point_estimate":255818.55663670017,"standard_error":3264.3844461194185},"median_abs_dev":{"confidence_interval":{"confidence_level":0.95,"lower_bound":21413.236133172388,"upper_bound":36917.861085331635},"point_estimate":29668.026003815852,"standard_error":3968.353555020953},"slope":{"confidence_interval":{"confidence_level":0.95,"lower_bound":239916.4927735101,"upper_bound":255983.77785928673},"point_estimate":247501.17848381854,"standard_error":4110.251662755961},"std_dev":{"confidence_interval":{"confidence_level":0.95,"lower_bound":28847.965682049307,"upper_bound":82734.54953735528},"point_estimate":57958.18959639885,"standard_error":14071.911497094681}}