{"mean":{"confidence_interval":{"confidence_level":0.95,"lower_bound":6424187.34325,"upper_bound":6579824.38534375},"point_estimate":6500513.88375,"standard_error":39462.68081159797},"median":{"confidence_interval":{"confidence_level":0.95,"lower_bound":6354445.75,"upper_bound":6551072.0},"point_estimate":6418064.8125,"standard_error":46408.903932464214},"median_abs_dev":{"confidence_interval":{"confidence_level":0.95,"lower_bound":298523.2652876526,"upper_bound":452149.71858523786},"point_estimate":382920.454114303,"standard_error":39343.750997637035},"slope":null,"std_dev":{"confidence_interval":{"confidence_level":0.95,"lower_bound":328440.22985451994,"upper_bound":460000.0451353777},"point_estimate":396523.7520728164,"standard_error":33361.40256685357}}