{"mean":{"confidence_interval":{"confidence_level":0.95,"lower_bound":6884449.065625001,"upper_bound":6996809.20196875},"point_estimate":6937369.95875,"standard_error":28803.735213422224},"median":{"confidence_interval":{"confidence_level":0.95,"lower_bound":6811083.25,"upper_bound":6904870.75},"point_estimate":6856358.25,"standard_error":23256.998423991816},"median_abs_dev":{"confidence_interval":{"confidence_level":0.95,"lower_bound":116504.74450662732,"upper_bound":197732.690564543},"point_estimate":157813.77893574536,"standard_error":19967.40922966352},"slope":null,"std_dev":{"confidence_interval":{"confidence_level":0.95,"lower_bound":199312.13814913828,"upper_bound":368281.46249787573},"point_estimate":289528.0371161437,"standard_error":42950.387655111605}}