{"mean":{"confidence_interval":{"confidence_level":0.95,"lower_bound":40701.659668394175,"upper_bound":41611.09913692828},"point_estimate":41147.54076031846,"standard_error":231.9179820854071},"median":{"confidence_interval":{"confidence_level":0.95,"lower_bound":39774.89086956522,"upper_bound":40846.03523809524},"point_estimate":40104.084341463415,"standard_error":265.2461744819413},"median_abs_dev":{"confidence_interval":{"confidence_level":0.95,"lower_bound":1133.205157734217,"upper_bound":2747.884381818849},"point_estimate":1644.9025722786203,"standard_error":382.2189391770921},"slope":{"confidence_interval":{"confidence_level":0.95,"lower_bound":40769.270957073786,"upper_bound":41873.40640338523},"point_estimate":41291.12237954781,"standard_error":283.48541049362507},"std_dev":{"confidence_interval":{"confidence_level":0.95,"lower_bound":2028.4653923250296,"upper_bound":2597.825018229435},"point_estimate":2339.6956812525095,"standard_error":144.2936286270682}}