{"mean":{"confidence_interval":{"confidence_level":0.95,"lower_bound":1315311.3515481881,"upper_bound":1373434.6987236212},"point_estimate":1344259.4765017487,"standard_error":14776.111028317797},"median":{"confidence_interval":{"confidence_level":0.95,"lower_bound":1339153.545185185,"upper_bound":1388350.4977272726},"point_estimate":1360440.116028708,"standard_error":13940.044971095587},"median_abs_dev":{"confidence_interval":{"confidence_level":0.95,"lower_bound":94797.08014599656,"upper_bound":163243.1216622001},"point_estimate":127430.81953783472,"standard_error":16896.478168517468},"slope":{"confidence_interval":{"confidence_level":0.95,"lower_bound":1347232.612453832,"upper_bound":1409829.2117862483},"point_estimate":1377365.6454322448,"standard_error":15965.102541141548},"std_dev":{"confidence_interval":{"confidence_level":0.95,"lower_bound":123950.89189146548,"upper_bound":171354.0539092933},"point_estimate":148002.72581857565,"standard_error":12140.333997010326}}