{"mean":{"confidence_interval":{"confidence_level":0.95,"lower_bound":408046.8317489603,"upper_bound":428365.31935124745},"point_estimate":417756.9093704303,"standard_error":5183.603884108898},"median":{"confidence_interval":{"confidence_level":0.95,"lower_bound":397677.09777777776,"upper_bound":406386.62633847864},"point_estimate":400468.6596506941,"standard_error":2111.7442618508735},"median_abs_dev":{"confidence_interval":{"confidence_level":0.95,"lower_bound":13621.495992567025,"upper_bound":26448.561041837453},"point_estimate":18064.28012680775,"standard_error":3546.410890411521},"slope":{"confidence_interval":{"confidence_level":0.95,"lower_bound":401273.3871756788,"upper_bound":413914.8769239181},"point_estimate":407149.7192335353,"standard_error":3233.2807448113936},"std_dev":{"confidence_interval":{"confidence_level":0.95,"lower_bound":39440.22664013654,"upper_bound":62888.097562116534},"point_estimate":52048.91843783317,"standard_error":5967.224658251598}}