{"mean":{"confidence_interval":{"confidence_level":0.95,"lower_bound":1750319.7323304224,"upper_bound":1840019.3727041364},"point_estimate":1793810.861099288,"standard_error":22886.658400082943},"median":{"confidence_interval":{"confidence_level":0.95,"lower_bound":1745906.776119403,"upper_bound":1832059.1290322582},"point_estimate":1779954.1045454545,"standard_error":21610.76196926087},"median_abs_dev":{"confidence_interval":{"confidence_level":0.95,"lower_bound":116364.98422954694,"upper_bound":198116.51255212046},"point_estimate":158883.37251318872,"standard_error":21434.57856828041},"slope":{"confidence_interval":{"confidence_level":0.95,"lower_bound":1797399.0992004299,"upper_bound":1883567.1593057048},"point_estimate":1839066.694685976,"standard_error":22027.376089798894},"std_dev":{"confidence_interval":{"confidence_level":0.95,"lower_bound":169662.6873544866,"upper_bound":299024.12472229404},"point_estimate":230308.96078769237,"standard_error":34372.591194373555}}