{"mean":{"confidence_interval":{"confidence_level":0.95,"lower_bound":1716994.8180486613,"upper_bound":1778450.4655638437},"point_estimate":1747091.6210138155,"standard_error":15699.910912706773},"median":{"confidence_interval":{"confidence_level":0.95,"lower_bound":1706343.0949172578,"upper_bound":1770263.940860215},"point_estimate":1727736.553475936,"standard_error":16788.995387800907},"median_abs_dev":{"confidence_interval":{"confidence_level":0.95,"lower_bound":97287.81092070443,"upper_bound":165033.01684980333},"point_estimate":131373.97551082764,"standard_error":17974.42153164318},"slope":{"confidence_interval":{"confidence_level":0.95,"lower_bound":1673460.4252535293,"upper_bound":1735750.2359275727},"point_estimate":1704574.6654352003,"standard_error":15906.339984939283},"std_dev":{"confidence_interval":{"confidence_level":0.95,"lower_bound":128684.4037456081,"upper_bound":182902.44169789142},"point_estimate":157000.48712056203,"standard_error":13844.926115838945}}