{"mean":{"confidence_interval":{"confidence_level":0.95,"lower_bound":39726.20742993681,"upper_bound":44350.047215860235},"point_estimate":41806.28806180462,"standard_error":1188.3760071186084},"median":{"confidence_interval":{"confidence_level":0.95,"lower_bound":37292.00234521576,"upper_bound":38881.78711985689},"point_estimate":38071.70449061559,"standard_error":424.62619971968235},"median_abs_dev":{"confidence_interval":{"confidence_level":0.95,"lower_bound":2023.399378416054,"upper_bound":3693.332671820382},"point_estimate":2864.954504358503,"standard_error":466.04700371574194},"slope":{"confidence_interval":{"confidence_level":0.95,"lower_bound":37688.6842556772,"upper_bound":39338.9285660043},"point_estimate":38460.938227029364,"standard_error":421.6567628846574},"std_dev":{"confidence_interval":{"confidence_level":0.95,"lower_bound":6340.2506632542345,"upper_bound":16891.49210375614},"point_estimate":11928.978986299886,"standard_error":2743.1048385352924}}