{"mean":{"confidence_interval":{"confidence_level":0.95,"lower_bound":88834098.48425001,"upper_bound":89820384.45575},"point_estimate":89320273.67,"standard_error":252704.24181998416},"median":{"confidence_interval":{"confidence_level":0.95,"lower_bound":88200061.0,"upper_bound":89279404.0},"point_estimate":88662454.0,"standard_error":261768.90921414213},"median_abs_dev":{"confidence_interval":{"confidence_level":0.95,"lower_bound":1391177.6702016592,"upper_bound":2791749.093836546},"point_estimate":1929815.8775389194,"standard_error":370199.0868623581},"slope":null,"std_dev":{"confidence_interval":{"confidence_level":0.95,"lower_bound":2157221.293853199,"upper_bound":2843599.8479349357},"point_estimate":2525458.4778174045,"standard_error":176470.98035939297}}