{"mean":{"confidence_interval":{"confidence_level":0.95,"lower_bound":167038720.41599998,"upper_bound":169716122.80225},"point_estimate":168376843.89,"standard_error":682297.6105851087},"median":{"confidence_interval":{"confidence_level":0.95,"lower_bound":166542608.5,"upper_bound":169710911.0},"point_estimate":167932119.0,"standard_error":1106018.3722553991},"median_abs_dev":{"confidence_interval":{"confidence_level":0.95,"lower_bound":4809183.664619923,"upper_bound":7823106.2949121},"point_estimate":6345369.249147177,"standard_error":756789.8019888115},"slope":null,"std_dev":{"confidence_interval":{"confidence_level":0.95,"lower_bound":5757998.523022011,"upper_bound":7849869.134104699},"point_estimate":6857421.895762977,"standard_error":533311.2276250863}}