{"mean":{"confidence_interval":{"confidence_level":0.95,"lower_bound":39.40716324853378,"upper_bound":41.815276971654804},"point_estimate":40.56704595779682,"standard_error":0.6334803894825278},"median":{"confidence_interval":{"confidence_level":0.95,"lower_bound":38.758602042375905,"upper_bound":40.70862105512427},"point_estimate":39.780819843360604,"standard_error":0.5432072840073895}}