{"mean":{"confidence_interval":{"confidence_level":0.95,"lower_bound":257705067.7025,"upper_bound":267911276.8},"point_estimate":262715401.85,"standard_error":2616172.6475387556},"median":{"confidence_interval":{"confidence_level":0.95,"lower_bound":255355719.75,"upper_bound":272241609.5},"point_estimate":262279458.0,"standard_error":3765328.034576781},"median_abs_dev":{"confidence_interval":{"confidence_level":0.95,"lower_bound":947321.3378816843,"upper_bound":14502698.05612564},"point_estimate":10767855.258232355,"standard_error":3727813.27232607},"slope":null,"std_dev":{"confidence_interval":{"confidence_level":0.95,"lower_bound":4890727.103792494,"upper_bound":10558156.208508143},"point_estimate":8649474.41464773,"standard_error":1412831.0685715529}}