{"mean":{"confidence_interval":{"confidence_level":0.95,"lower_bound":282478795.63,"upper_bound":294437976.8},"point_estimate":288220780.25,"standard_error":3064939.619016191},"median":{"confidence_interval":{"confidence_level":0.95,"lower_bound":281057164.75,"upper_bound":299791897.0},"point_estimate":285263387.25,"standard_error":4198502.109312547},"median_abs_dev":{"confidence_interval":{"confidence_level":0.95,"lower_bound":1142881.8341597915,"upper_bound":17729378.60109061},"point_estimate":7580535.518668592,"standard_error":4703313.164603429},"slope":null,"std_dev":{"confidence_interval":{"confidence_level":0.95,"lower_bound":5416725.34476921,"upper_bound":12688504.405563997},"point_estimate":10247469.063453738,"standard_error":1798898.969387988}}