{"mean":{"confidence_interval":{"confidence_level":0.95,"lower_bound":270324881.84,"upper_bound":276579630.95125},"point_estimate":273072007.3,"standard_error":1615483.0601619447},"median":{"confidence_interval":{"confidence_level":0.95,"lower_bound":269800652.25,"upper_bound":275321400.25},"point_estimate":271049271.75,"standard_error":1659179.2438085715},"median_abs_dev":{"confidence_interval":{"confidence_level":0.95,"lower_bound":268545.5571323633,"upper_bound":7174062.574034929},"point_estimate":4377416.0818353295,"standard_error":1792755.20289196},"slope":null,"std_dev":{"confidence_interval":{"confidence_level":0.95,"lower_bound":2075557.9208852684,"upper_bound":7654514.4902862115},"point_estimate":5387239.646620765,"standard_error":1681844.629581074}}