{"mean":{"confidence_interval":{"confidence_level":0.95,"lower_bound":180020340.335,"upper_bound":190483049.1},"point_estimate":185242273.15,"standard_error":2666346.418888501},"median":{"confidence_interval":{"confidence_level":0.95,"lower_bound":181840977.25,"upper_bound":189954244.5},"point_estimate":184241314.5,"standard_error":2055971.5303955213},"median_abs_dev":{"confidence_interval":{"confidence_level":0.95,"lower_bound":652604.1847139597,"upper_bound":14683260.571070015},"point_estimate":3709797.2365379333,"standard_error":3450899.2926974893},"slope":null,"std_dev":{"confidence_interval":{"confidence_level":0.95,"lower_bound":2692741.2440908034,"upper_bound":12288019.087495888},"point_estimate":8874938.340628143,"standard_error":2352519.6952904467}}