{"mean":{"confidence_interval":{"confidence_level":0.95,"lower_bound":150428312.55,"upper_bound":160601766.72875},"point_estimate":155304172.45,"standard_error":2611562.633814962},"median":{"confidence_interval":{"confidence_level":0.95,"lower_bound":148735431.25,"upper_bound":165902490.5},"point_estimate":153038611.5,"standard_error":3894487.187135015},"median_abs_dev":{"confidence_interval":{"confidence_level":0.95,"lower_bound":1724569.1849827766,"upper_bound":13390115.746977925},"point_estimate":8104464.110367,"standard_error":3416840.3185851173},"slope":null,"std_dev":{"confidence_interval":{"confidence_level":0.95,"lower_bound":3947650.104786538,"upper_bound":10334375.169565534},"point_estimate":8673337.483195147,"standard_error":1448535.2341090818}}