{"mean":{"confidence_interval":{"confidence_level":0.95,"lower_bound":565463443.8,"upper_bound":574221944.9},"point_estimate":569848635.3,"standard_error":2246502.5836352143},"median":{"confidence_interval":{"confidence_level":0.95,"lower_bound":563574068.0,"upper_bound":576545206.0},"point_estimate":569403228.5,"standard_error":3466487.541430255},"median_abs_dev":{"confidence_interval":{"confidence_level":0.95,"lower_bound":2353688.2448136806,"upper_bound":13026915.818426013},"point_estimate":9615504.428690672,"standard_error":2685680.2895341297},"slope":null,"std_dev":{"confidence_interval":{"confidence_level":0.95,"lower_bound":4587135.977888987,"upper_bound":9133320.869762246},"point_estimate":7510359.747512056,"standard_error":1157805.0331996845}}