{"mean":{"confidence_interval":{"confidence_level":0.95,"lower_bound":121913408.0,"upper_bound":125665823.04125},"point_estimate":123723862.55,"standard_error":966338.315292034},"median":{"confidence_interval":{"confidence_level":0.95,"lower_bound":120958261.0,"upper_bound":126683125.0},"point_estimate":122496265.25,"standard_error":1793014.6225850359},"median_abs_dev":{"confidence_interval":{"confidence_level":0.95,"lower_bound":178618.0850788951,"upper_bound":5375403.791217506},"point_estimate":2619132.944101095,"standard_error":1612859.11655224},"slope":null,"std_dev":{"confidence_interval":{"confidence_level":0.95,"lower_bound":1837539.1009954812,"upper_bound":3772434.147997959},"point_estimate":3221614.732579132,"standard_error":488795.896396023}}