{"mean":{"confidence_interval":{"confidence_level":0.95,"lower_bound":170722933.55,"upper_bound":176067097.7425},"point_estimate":173424151.05,"standard_error":1368580.9668120912},"median":{"confidence_interval":{"confidence_level":0.95,"lower_bound":170250455.25,"upper_bound":176865600.0},"point_estimate":173428361.5,"standard_error":2295664.89428997},"median_abs_dev":{"confidence_interval":{"confidence_level":0.95,"lower_bound":673569.2602917552,"upper_bound":7855408.441838622},"point_estimate":4843359.817913175,"standard_error":2097162.5174844353},"slope":null,"std_dev":{"confidence_interval":{"confidence_level":0.95,"lower_bound":2729270.9711206513,"upper_bound":5811033.815182715},"point_estimate":4573872.468434236,"standard_error":813241.5643374401}}