{"mean":{"confidence_interval":{"confidence_level":0.95,"lower_bound":36397.87869767443,"upper_bound":37886.184043519825},"point_estimate":37148.40183629352,"standard_error":379.09357845698867},"median":{"confidence_interval":{"confidence_level":0.95,"lower_bound":36795.93004115226,"upper_bound":37697.78348902952},"point_estimate":37239.42199312715,"standard_error":230.86156649236793},"median_abs_dev":{"confidence_interval":{"confidence_level":0.95,"lower_bound":1568.2672957940538,"upper_bound":2281.1039879220402},"point_estimate":1961.8073530061865,"standard_error":183.93693181335655},"slope":{"confidence_interval":{"confidence_level":0.95,"lower_bound":36721.70016741253,"upper_bound":38621.40603707971},"point_estimate":37676.66272422267,"standard_error":481.29293799908163},"std_dev":{"confidence_interval":{"confidence_level":0.95,"lower_bound":2450.1504469686147,"upper_bound":4996.715266248481},"point_estimate":3806.6389950154908,"standard_error":654.926082705252}}