{"mean":{"confidence_interval":{"confidence_level":0.95,"lower_bound":31.728039759994985,"upper_bound":33.123643053518045},"point_estimate":32.4527170327461,"standard_error":0.3534005809660877},"median":{"confidence_interval":{"confidence_level":0.95,"lower_bound":31.8631042913168,"upper_bound":33.18702035189347},"point_estimate":32.37721074561281,"standard_error":0.3502572888970737}}