{"mean":{"confidence_interval":{"confidence_level":0.95,"lower_bound":0.33024273333532866,"upper_bound":0.381394689042407},"point_estimate":0.3551071018988565,"standard_error":0.013061072779835344},"median":{"confidence_interval":{"confidence_level":0.95,"lower_bound":0.33667810231722695,"upper_bound":0.38509663876162725},"point_estimate":0.3628406933170565,"standard_error":0.012086649783596509}}