{"mean":{"confidence_interval":{"confidence_level":0.95,"lower_bound":0.0010085335921830888,"upper_bound":0.05222860541180394},"point_estimate":0.02756028981822589,"standard_error":0.013010193557660336},"median":{"confidence_interval":{"confidence_level":0.95,"lower_bound":0.003130089551254045,"upper_bound":0.04873009942333084},"point_estimate":0.02573153297115094,"standard_error":0.011138247878682148}}