{"mean":{"confidence_interval":{"confidence_level":0.95,"lower_bound":-0.3078936684478655,"upper_bound":-0.2583830672178068},"point_estimate":-0.28622071477786726,"standard_error":0.012717449488644849},"median":{"confidence_interval":{"confidence_level":0.95,"lower_bound":-0.3179580220227549,"upper_bound":-0.30069774529767423},"point_estimate":-0.31011356000723733,"standard_error":0.004471002505751517}}