{"mean":{"confidence_interval":{"confidence_level":0.95,"lower_bound":9.536308394725406,"upper_bound":10.432018991793774},"point_estimate":10.008969933712264,"standard_error":0.2278847642309292},"median":{"confidence_interval":{"confidence_level":0.95,"lower_bound":9.850823129813875,"upper_bound":10.509353533228518},"point_estimate":10.288529755885094,"standard_error":0.1767016541765933}}