{"mean":{"confidence_interval":{"confidence_level":0.95,"lower_bound":32.88534410875003,"upper_bound":34.97876232511852},"point_estimate":33.91278795912461,"standard_error":0.5332418006712512},"median":{"confidence_interval":{"confidence_level":0.95,"lower_bound":34.52410610332489,"upper_bound":35.62989111666713},"point_estimate":34.98697859303423,"standard_error":0.2765809423846669}}