{"mean":{"confidence_interval":{"confidence_level":0.95,"lower_bound":-0.31003614935446266,"upper_bound":-0.2761701747049679},"point_estimate":-0.29236290964383715,"standard_error":0.008607227965571293},"median":{"confidence_interval":{"confidence_level":0.95,"lower_bound":-0.2955697425918238,"upper_bound":-0.2759822599747992},"point_estimate":-0.28590133566738485,"standard_error":0.004656827434768775}}