{"mean":{"confidence_interval":{"confidence_level":0.95,"lower_bound":0.0060507491821562434,"upper_bound":0.060887143217485236},"point_estimate":0.03170069834893985,"standard_error":0.014008614467225386},"median":{"confidence_interval":{"confidence_level":0.95,"lower_bound":0.02672144129315602,"upper_bound":0.05826564054104755},"point_estimate":0.04449287757153453,"standard_error":0.00799710247342127}}