{"mean":{"confidence_interval":{"confidence_level":0.95,"lower_bound":8.492481236833315,"upper_bound":9.110382476342462},"point_estimate":8.790338861307433,"standard_error":0.15807616321574544},"median":{"confidence_interval":{"confidence_level":0.95,"lower_bound":8.395215977906446,"upper_bound":9.093609682380423},"point_estimate":8.712595399031995,"standard_error":0.1909553491948949}}