{"mean":{"confidence_interval":{"confidence_level":0.95,"lower_bound":0.33703799258624206,"upper_bound":0.41818997520403706},"point_estimate":0.37572262727164896,"standard_error":0.020607132186878617},"median":{"confidence_interval":{"confidence_level":0.95,"lower_bound":0.35072679244640503,"upper_bound":0.3862687223434478},"point_estimate":0.36533990948019235,"standard_error":0.009374664464783907}}