{"mean":{"confidence_interval":{"confidence_level":0.95,"lower_bound":39.41931554102867,"upper_bound":41.29579148133947},"point_estimate":40.33269298516158,"standard_error":0.4841190208924289},"median":{"confidence_interval":{"confidence_level":0.95,"lower_bound":39.097160880295654,"upper_bound":40.61228208446659},"point_estimate":39.62836630522129,"standard_error":0.3894687496399565}}