{"mean":{"confidence_interval":{"confidence_level":0.95,"lower_bound":-0.2926495238400844,"upper_bound":-0.2616346268547047},"point_estimate":-0.27797936259100997,"standard_error":0.007862159066037176},"median":{"confidence_interval":{"confidence_level":0.95,"lower_bound":-0.2990577745841797,"upper_bound":-0.2744169737599613},"point_estimate":-0.2892864494339036,"standard_error":0.006131967632628446}}