{"mean":{"confidence_interval":{"confidence_level":0.95,"lower_bound":-0.12356629549447132,"upper_bound":-0.058404409421468365},"point_estimate":-0.09052294499228075,"standard_error":0.016668356632010807},"median":{"confidence_interval":{"confidence_level":0.95,"lower_bound":-0.049236310038274556,"upper_bound":-0.01154181466126214},"point_estimate":-0.026245631043779638,"standard_error":0.009896312506005362}}