{"mean":{"confidence_interval":{"confidence_level":0.95,"lower_bound":0.3301675096769387,"upper_bound":0.4065117643345046},"point_estimate":0.36671741261681,"standard_error":0.019470032333805024},"median":{"confidence_interval":{"confidence_level":0.95,"lower_bound":0.32369788133442046,"upper_bound":0.3752805706245683},"point_estimate":0.35136793962177904,"standard_error":0.01267643701933423}}