{"mean":{"confidence_interval":{"confidence_level":0.95,"lower_bound":6.603663547583356,"upper_bound":7.0758296159311795},"point_estimate":6.831999272660108,"standard_error":0.12175527102425932},"median":{"confidence_interval":{"confidence_level":0.95,"lower_bound":6.5682621340232,"upper_bound":6.839432469706733},"point_estimate":6.6845391770630345,"standard_error":0.08015176794868624}}