{"mean":{"confidence_interval":{"confidence_level":0.95,"lower_bound":1411416.3523606567,"upper_bound":1466721.4710512825},"point_estimate":1439409.2191698316,"standard_error":14116.376651562072},"median":{"confidence_interval":{"confidence_level":0.95,"lower_bound":1426667.7708158116,"upper_bound":1463655.294117647},"point_estimate":1443039.0480030722,"standard_error":9257.109388522897},"median_abs_dev":{"confidence_interval":{"confidence_level":0.95,"lower_bound":56407.21460358753,"upper_bound":133681.99442798767},"point_estimate":81933.07815643749,"standard_error":19366.066788066735},"slope":{"confidence_interval":{"confidence_level":0.95,"lower_bound":1442656.7143941065,"upper_bound":1498000.3704194624},"point_estimate":1469600.916660263,"standard_error":14160.904569264969},"std_dev":{"confidence_interval":{"confidence_level":0.95,"lower_bound":116114.90886803788,"upper_bound":162690.12872209653},"point_estimate":141069.22788067043,"standard_error":11885.494506148683}}