{"mean":{"confidence_interval":{"confidence_level":0.95,"lower_bound":-0.07568965432428325,"upper_bound":0.023659188553672935},"point_estimate":-0.027143319016007972,"standard_error":0.02535370411170006},"median":{"confidence_interval":{"confidence_level":0.95,"lower_bound":-0.059572487714867894,"upper_bound":-0.02678153435142594},"point_estimate":-0.04485343868521552,"standard_error":0.008217404972946917}}