{"mean":{"confidence_interval":{"confidence_level":0.95,"lower_bound":11.507996280968783,"upper_bound":12.130333436168423},"point_estimate":11.79685264872286,"standard_error":0.15604270762280162},"median":{"confidence_interval":{"confidence_level":0.95,"lower_bound":11.638701280673345,"upper_bound":12.1935068639927},"point_estimate":11.924702059129906,"standard_error":0.13584086922851613}}