{"mean":{"confidence_interval":{"confidence_level":0.95,"lower_bound":-0.30962756236020506,"upper_bound":-0.2876162107964714},"point_estimate":-0.2989409456483033,"standard_error":0.005641794879088033},"median":{"confidence_interval":{"confidence_level":0.95,"lower_bound":-0.30735839788487507,"upper_bound":-0.29501757890851105},"point_estimate":-0.30173782102458835,"standard_error":0.0030278687363753257}}