{"mean":{"confidence_interval":{"confidence_level":0.95,"lower_bound":0.34891808045428185,"upper_bound":0.40570754560444017},"point_estimate":0.37729430283201326,"standard_error":0.014487900377839737},"median":{"confidence_interval":{"confidence_level":0.95,"lower_bound":0.37744747468929174,"upper_bound":0.41732241545734333},"point_estimate":0.40075985172716666,"standard_error":0.009606762742366088}}