{"mean":{"confidence_interval":{"confidence_level":0.95,"lower_bound":359256.7261434289,"upper_bound":384631.932816615},"point_estimate":371210.10141958384,"standard_error":6466.601936195937},"median":{"confidence_interval":{"confidence_level":0.95,"lower_bound":355777.23076923075,"upper_bound":377439.96078431373},"point_estimate":367205.08097928436,"standard_error":5718.01983222847},"median_abs_dev":{"confidence_interval":{"confidence_level":0.95,"lower_bound":30126.50657893887,"upper_bound":49811.16791209085},"point_estimate":37686.478237668845,"standard_error":5169.982932324836},"slope":{"confidence_interval":{"confidence_level":0.95,"lower_bound":370226.07880804763,"upper_bound":384115.56546243565},"point_estimate":377319.5094044628,"standard_error":3534.382060655974},"std_dev":{"confidence_interval":{"confidence_level":0.95,"lower_bound":43394.77213528097,"upper_bound":88517.57204087348},"point_estimate":65134.57290549792,"standard_error":12011.2515877494}}