{"mean":{"confidence_interval":{"confidence_level":0.95,"lower_bound":25.54670904688541,"upper_bound":27.25883121115353},"point_estimate":26.43949004289795,"standard_error":0.44537608922159755},"median":{"confidence_interval":{"confidence_level":0.95,"lower_bound":26.59719943304851,"upper_bound":28.427449496996097},"point_estimate":27.61818928317188,"standard_error":0.4591629258605685}}