{"mean":{"confidence_interval":{"confidence_level":0.95,"lower_bound":477605.46810715686,"upper_bound":499003.05853292823},"point_estimate":488150.27858879074,"standard_error":5450.012905954157},"median":{"confidence_interval":{"confidence_level":0.95,"lower_bound":468009.88095238095,"upper_bound":487451.075},"point_estimate":478998.5504216867,"standard_error":5919.445640334466},"median_abs_dev":{"confidence_interval":{"confidence_level":0.95,"lower_bound":36184.10479591018,"upper_bound":60037.56674482715},"point_estimate":49278.54541687276,"standard_error":5895.45765319794},"slope":{"confidence_interval":{"confidence_level":0.95,"lower_bound":483807.1078935466,"upper_bound":512998.5772499045},"point_estimate":498294.92091473326,"standard_error":7447.184092600731},"std_dev":{"confidence_interval":{"confidence_level":0.95,"lower_bound":45632.25473938046,"upper_bound":63161.75812158438},"point_estimate":54774.92924878335,"standard_error":4474.070338238095}}