{"mean":{"confidence_interval":{"confidence_level":0.95,"lower_bound":3044409752.8,"upper_bound":3096376971.715},"point_estimate":3069454216.9,"standard_error":13334352.490323087},"median":{"confidence_interval":{"confidence_level":0.95,"lower_bound":3031059919.0,"upper_bound":3101585267.0},"point_estimate":3063492037.5,"standard_error":20285895.29575506},"median_abs_dev":{"confidence_interval":{"confidence_level":0.95,"lower_bound":5821444.363948703,"upper_bound":79139600.21299124},"point_estimate":52238544.97548044,"standard_error":17302199.448527668},"slope":null,"std_dev":{"confidence_interval":{"confidence_level":0.95,"lower_bound":25150424.32251888,"upper_bound":56807697.71770823},"point_estimate":44294949.356399946,"standard_error":8519610.533445869}}