{"mean":{"confidence_interval":{"confidence_level":0.95,"lower_bound":2505655922.2,"upper_bound":2564682610.565},"point_estimate":2535760392.4,"standard_error":15131993.921013981},"median":{"confidence_interval":{"confidence_level":0.95,"lower_bound":2487384218.0,"upper_bound":2579251028.0},"point_estimate":2548092233.5,"standard_error":25439607.27336727},"median_abs_dev":{"confidence_interval":{"confidence_level":0.95,"lower_bound":14162312.375968695,"upper_bound":84306558.97285938},"point_estimate":60987156.14966154,"standard_error":18659217.47544141},"slope":null,"std_dev":{"confidence_interval":{"confidence_level":0.95,"lower_bound":30546787.258024756,"upper_bound":59777371.78245392},"point_estimate":50585912.40114525,"standard_error":7363724.429013521}}