{"mean":{"confidence_interval":{"confidence_level":0.95,"lower_bound":4850689512.3475,"upper_bound":4910710187.8},"point_estimate":4879211859.8,"standard_error":15377772.728535509},"median":{"confidence_interval":{"confidence_level":0.95,"lower_bound":4834086544.0,"upper_bound":4919829387.0},"point_estimate":4871771476.0,"standard_error":17904174.988195762},"median_abs_dev":{"confidence_interval":{"confidence_level":0.95,"lower_bound":7748941.455128789,"upper_bound":89643408.86371136},"point_estimate":48785313.888287544,"standard_error":21360878.307596345},"slope":null,"std_dev":{"confidence_interval":{"confidence_level":0.95,"lower_bound":25273296.432449892,"upper_bound":64755516.32029063},"point_estimate":51233565.424750395,"standard_error":10137248.531885082}}