{"mean":{"confidence_interval":{"confidence_level":0.95,"lower_bound":2102408345.1,"upper_bound":2506440232.2},"point_estimate":2337824291.3,"standard_error":101732016.33938181},"median":{"confidence_interval":{"confidence_level":0.95,"lower_bound":2075472979.0,"upper_bound":2525651287.0},"point_estimate":2477000012.5,"standard_error":92816723.98492076},"median_abs_dev":{"confidence_interval":{"confidence_level":0.95,"lower_bound":7909253.507682681,"upper_bound":553171503.2916427},"point_estimate":67477941.76942706,"standard_error":87547929.6668929},"slope":null,"std_dev":{"confidence_interval":{"confidence_level":0.95,"lower_bound":33664546.350951046,"upper_bound":422186768.9995831},"point_estimate":338615693.85312665,"standard_error":107603411.12634233}}