{"mean":{"confidence_interval":{"confidence_level":0.95,"lower_bound":4281016764.8625,"upper_bound":4354110238.32},"point_estimate":4315926992.8,"standard_error":18782699.830253363},"median":{"confidence_interval":{"confidence_level":0.95,"lower_bound":4268541751.0,"upper_bound":4367703483.0},"point_estimate":4290143249.0,"standard_error":26384046.04665782},"median_abs_dev":{"confidence_interval":{"confidence_level":0.95,"lower_bound":2264852.3369908333,"upper_bound":99789205.94448745},"point_estimate":64187250.34124851,"standard_error":27551956.221807335},"slope":null,"std_dev":{"confidence_interval":{"confidence_level":0.95,"lower_bound":32516675.33545696,"upper_bound":79085940.37184381},"point_estimate":62358075.87735874,"standard_error":12000340.37497876}}