{"mean":{"confidence_interval":{"confidence_level":0.95,"lower_bound":4570454013.877501,"upper_bound":4642158838.85},"point_estimate":4606090830.7,"standard_error":18397572.037784792},"median":{"confidence_interval":{"confidence_level":0.95,"lower_bound":4548454907.0,"upper_bound":4660211054.0},"point_estimate":4601567667.5,"standard_error":31849436.2012802},"median_abs_dev":{"confidence_interval":{"confidence_level":0.95,"lower_bound":17862948.627269268,"upper_bound":100764409.05747414},"point_estimate":80631092.82131195,"standard_error":21289722.39280863},"slope":null,"std_dev":{"confidence_interval":{"confidence_level":0.95,"lower_bound":38736468.02232265,"upper_bound":73723752.30182277},"point_estimate":61202916.056702346,"standard_error":8916281.91923824}}