{"mean":{"confidence_interval":{"confidence_level":0.95,"lower_bound":4706128070.7,"upper_bound":4771780327.2575},"point_estimate":4738074129.5,"standard_error":16700597.312592689},"median":{"confidence_interval":{"confidence_level":0.95,"lower_bound":4703741764.0,"upper_bound":4774909670.5},"point_estimate":4730259999.5,"standard_error":14487868.306478482},"median_abs_dev":{"confidence_interval":{"confidence_level":0.95,"lower_bound":3339093.8695192337,"upper_bound":93689939.39537108},"point_estimate":30184628.70321572,"standard_error":24440180.826381836},"slope":null,"std_dev":{"confidence_interval":{"confidence_level":0.95,"lower_bound":24199396.854049094,"upper_bound":75078537.17866181},"point_estimate":55907994.8514575,"standard_error":12911784.456450932}}