{"mean":{"confidence_interval":{"confidence_level":0.95,"lower_bound":0.013412709377573573,"upper_bound":0.14486344430936088},"point_estimate":0.07585947694758843,"standard_error":0.03308759652634744},"median":{"confidence_interval":{"confidence_level":0.95,"lower_bound":-0.0241337617121542,"upper_bound":0.03539212966576888},"point_estimate":0.009231760952898016,"standard_error":0.015237227621707605}}