{"mean":{"confidence_interval":{"confidence_level":0.95,"lower_bound":-0.30391789561214694,"upper_bound":-0.2680981632066369},"point_estimate":-0.28707685460162813,"standard_error":0.009087970046673851},"median":{"confidence_interval":{"confidence_level":0.95,"lower_bound":-0.3016157155472955,"upper_bound":-0.2802076014590542},"point_estimate":-0.29467565244334093,"standard_error":0.005487149230225364}}