{"mean":{"confidence_interval":{"confidence_level":0.95,"lower_bound":10.265981282924166,"upper_bound":10.993730278061976},"point_estimate":10.644539115923893,"standard_error":0.18617130609311794},"median":{"confidence_interval":{"confidence_level":0.95,"lower_bound":10.161221234036441,"upper_bound":10.558917812239194},"point_estimate":10.357637294839236,"standard_error":0.10535740110670881}}