{"mean":{"confidence_interval":{"confidence_level":0.95,"lower_bound":0.16080151218380537,"upper_bound":0.29986699096542674},"point_estimate":0.23276430704629103,"standard_error":0.035658736286196},"median":{"confidence_interval":{"confidence_level":0.95,"lower_bound":0.31659583547207787,"upper_bound":0.3824820296352289},"point_estimate":0.35166446603137236,"standard_error":0.017441645351199884}}