{"mean":{"confidence_interval":{"confidence_level":0.95,"lower_bound":2087342.7005,"upper_bound":2337131.80875},"point_estimate":2203866.59,"standard_error":63820.55813214544},"median":{"confidence_interval":{"confidence_level":0.95,"lower_bound":1851589.0,"upper_bound":2415117.0},"point_estimate":2075600.5,"standard_error":121409.56110761075},"median_abs_dev":{"confidence_interval":{"confidence_level":0.95,"lower_bound":343236.36778883653,"upper_bound":693893.1484459332},"point_estimate":612788.9624208212,"standard_error":91753.37821529538},"slope":null,"std_dev":{"confidence_interval":{"confidence_level":0.95,"lower_bound":450032.9460689548,"upper_bound":864015.7768084746},"point_estimate":640996.59649838,"standard_error":116057.9353466066}}