{"mean":{"confidence_interval":{"confidence_level":0.95,"lower_bound":-0.5093744156396288,"upper_bound":-0.5011884984244883},"point_estimate":-0.5052499989992028,"standard_error":0.002085869224264721},"median":{"confidence_interval":{"confidence_level":0.95,"lower_bound":-0.5057546011526827,"upper_bound":-0.4994095938261748},"point_estimate":-0.502180750593318,"standard_error":0.0015859989298902884}}