{"mean":{"confidence_interval":{"confidence_level":0.95,"lower_bound":0.024855808282136366,"upper_bound":0.07124663676095677},"point_estimate":0.04566249833574343,"standard_error":0.011324362389836942},"median":{"confidence_interval":{"confidence_level":0.95,"lower_bound":0.00281458420587593,"upper_bound":0.03532039314791802},"point_estimate":0.015180051432042152,"standard_error":0.007433625471551801}}