{"mean":{"confidence_interval":{"confidence_level":0.95,"lower_bound":-0.061980165165862106,"upper_bound":-0.024056969735311018},"point_estimate":-0.0427173974128614,"standard_error":0.009705541374933947},"median":{"confidence_interval":{"confidence_level":0.95,"lower_bound":-0.02806431307724566,"upper_bound":-0.0048114464445332406},"point_estimate":-0.01608064665112241,"standard_error":0.0060074574149988}}