{"mean":{"confidence_interval":{"confidence_level":0.95,"lower_bound":0.007780353726555729,"upper_bound":0.04725261554712038},"point_estimate":0.025708950689112164,"standard_error":0.009998618544807105},"median":{"confidence_interval":{"confidence_level":0.95,"lower_bound":-0.00009313646670386857,"upper_bound":0.0500328531626939},"point_estimate":0.021185788384449955,"standard_error":0.013016342540824889}}