{"mean":{"confidence_interval":{"confidence_level":0.95,"lower_bound":-0.07728673676146015,"upper_bound":-0.05348285709832457},"point_estimate":-0.06436408281047246,"standard_error":0.006220511375825067},"median":{"confidence_interval":{"confidence_level":0.95,"lower_bound":-0.09268209894066015,"upper_bound":-0.058174473905495794},"point_estimate":-0.0703650749197221,"standard_error":0.00930548516616754}}