{"mean":{"confidence_interval":{"confidence_level":0.95,"lower_bound":-0.1256429123636692,"upper_bound":-0.10538858942939522},"point_estimate":-0.11541500209024025,"standard_error":0.00519783885989836},"median":{"confidence_interval":{"confidence_level":0.95,"lower_bound":-0.13151197891331945,"upper_bound":-0.10563561931312626},"point_estimate":-0.11712148037566106,"standard_error":0.006545566634858617}}