{"mean":{"confidence_interval":{"confidence_level":0.95,"lower_bound":-0.5063596028676787,"upper_bound":-0.48371315985796515},"point_estimate":-0.4955078198764036,"standard_error":0.005788517378029248},"median":{"confidence_interval":{"confidence_level":0.95,"lower_bound":-0.5171038938765877,"upper_bound":-0.48659192371725424},"point_estimate":-0.5006344795100193,"standard_error":0.007826503984694306}}