{"mean":{"confidence_interval":{"confidence_level":0.95,"lower_bound":0.10386536320258294,"upper_bound":0.14302494954720057},"point_estimate":0.12341973364904546,"standard_error":0.010016772461615284},"median":{"confidence_interval":{"confidence_level":0.95,"lower_bound":0.11382747716744683,"upper_bound":0.1688639497690929},"point_estimate":0.14446829497846392,"standard_error":0.014669916173712714}}