{"mean":{"confidence_interval":{"confidence_level":0.95,"lower_bound":0.14142880772551236,"upper_bound":0.1733081813885777},"point_estimate":0.15765756071195902,"standard_error":0.008114565609987379},"median":{"confidence_interval":{"confidence_level":0.95,"lower_bound":0.1497924933946846,"upper_bound":0.19075479068237433},"point_estimate":0.16995026037437633,"standard_error":0.010073548656761128}}