{"mean":{"confidence_interval":{"confidence_level":0.95,"lower_bound":-0.09350450541969509,"upper_bound":-0.04894386980456267},"point_estimate":-0.0708119675720219,"standard_error":0.011325749910106986},"median":{"confidence_interval":{"confidence_level":0.95,"lower_bound":-0.07264060761275337,"upper_bound":-0.010376844146913311},"point_estimate":-0.04360359525518298,"standard_error":0.015639894820565135}}