{"mean":{"confidence_interval":{"confidence_level":0.95,"lower_bound":-0.03838606507458491,"upper_bound":-0.003072937329194547},"point_estimate":-0.020829630895644824,"standard_error":0.009075814928027942},"median":{"confidence_interval":{"confidence_level":0.95,"lower_bound":-0.04014003693189794,"upper_bound":-0.01028980877653951},"point_estimate":-0.02818468610729541,"standard_error":0.007775387329588591}}