{"mean":{"confidence_interval":{"confidence_level":0.95,"lower_bound":0.0756006406045502,"upper_bound":0.11458373361857406},"point_estimate":0.09556290396000366,"standard_error":0.009950746375289088},"median":{"confidence_interval":{"confidence_level":0.95,"lower_bound":0.0741370304551272,"upper_bound":0.1094058841083826},"point_estimate":0.08952269803123158,"standard_error":0.010650433509979074}}