{"mean":{"confidence_interval":{"confidence_level":0.95,"lower_bound":0.1391302241061716,"upper_bound":0.18315608305127712},"point_estimate":0.16117656911937273,"standard_error":0.011156316772126905},"median":{"confidence_interval":{"confidence_level":0.95,"lower_bound":0.1523345958813329,"upper_bound":0.20177913342747567},"point_estimate":0.17818115814141566,"standard_error":0.012442383106578392}}