{"mean":{"confidence_interval":{"confidence_level":0.95,"lower_bound":-0.16154981526339893,"upper_bound":-0.1420364523451892},"point_estimate":-0.1514631447620911,"standard_error":0.004913890456457836},"median":{"confidence_interval":{"confidence_level":0.95,"lower_bound":-0.1766683140560844,"upper_bound":-0.1492880826858265},"point_estimate":-0.16372971358265398,"standard_error":0.007372550393713911}}