{"mean":{"confidence_interval":{"confidence_level":0.95,"lower_bound":-0.12075071405366854,"upper_bound":-0.08967755750131476},"point_estimate":-0.10531420617275922,"standard_error":0.008013090589226984},"median":{"confidence_interval":{"confidence_level":0.95,"lower_bound":-0.12009908522612711,"upper_bound":-0.08599388922814599},"point_estimate":-0.10189577506474423,"standard_error":0.008484487420005932}}