{"mean":{"confidence_interval":{"confidence_level":0.95,"lower_bound":-0.03202602449365255,"upper_bound":0.001047993811746284},"point_estimate":-0.015795952531657553,"standard_error":0.008441411639036936},"median":{"confidence_interval":{"confidence_level":0.95,"lower_bound":-0.04299521149640051,"upper_bound":-0.01772693138965217},"point_estimate":-0.028342272193792373,"standard_error":0.00710687260270986}}