{"mean":{"confidence_interval":{"confidence_level":0.95,"lower_bound":0.24944011160592416,"upper_bound":0.28123639756267127},"point_estimate":0.2647903793548172,"standard_error":0.008116570699817792},"median":{"confidence_interval":{"confidence_level":0.95,"lower_bound":0.2274870594412668,"upper_bound":0.26955767564895255},"point_estimate":0.24747230143625165,"standard_error":0.011753267833723094}}