{"mean":{"confidence_interval":{"confidence_level":0.95,"lower_bound":-0.18622534654642625,"upper_bound":-0.15428982044409542},"point_estimate":-0.1698147280346224,"standard_error":0.00829497265003913},"median":{"confidence_interval":{"confidence_level":0.95,"lower_bound":-0.1928321748150703,"upper_bound":-0.15523990082879177},"point_estimate":-0.17553493997723035,"standard_error":0.00997323218329937}}