{"mean":{"confidence_interval":{"confidence_level":0.95,"lower_bound":484167.1040580996,"upper_bound":515962.4385472926},"point_estimate":499363.4820488388,"standard_error":8119.940018812873},"median":{"confidence_interval":{"confidence_level":0.95,"lower_bound":476486.10555555555,"upper_bound":496449.51851851854},"point_estimate":486795.61006944446,"standard_error":5454.971573672235},"median_abs_dev":{"confidence_interval":{"confidence_level":0.95,"lower_bound":36852.93416996212,"upper_bound":70567.7627896753},"point_estimate":48646.365336123534,"standard_error":8300.550014626642},"slope":{"confidence_interval":{"confidence_level":0.95,"lower_bound":476896.0312848722,"upper_bound":506505.28843484615},"point_estimate":490454.6309974878,"standard_error":7554.964112142665},"std_dev":{"confidence_interval":{"confidence_level":0.95,"lower_bound":57987.88828904421,"upper_bound":104765.02905476757},"point_estimate":81981.5727151674,"standard_error":12039.84328042701}}