{"mean":{"confidence_interval":{"confidence_level":0.95,"lower_bound":36234.838379868794,"upper_bound":37958.09897651056},"point_estimate":37144.91698660921,"standard_error":441.6736352692644},"median":{"confidence_interval":{"confidence_level":0.95,"lower_bound":37317.83597883598,"upper_bound":38025.64695340502},"point_estimate":37760.884253493845,"standard_error":188.6282977904807},"median_abs_dev":{"confidence_interval":{"confidence_level":0.95,"lower_bound":1230.6455176041775,"upper_bound":2370.0365343849467},"point_estimate":1758.4844833124157,"standard_error":311.153847436622},"slope":{"confidence_interval":{"confidence_level":0.95,"lower_bound":33818.72848346856,"upper_bound":37384.51152878315},"point_estimate":35669.94670070987,"standard_error":912.3031734054229},"std_dev":{"confidence_interval":{"confidence_level":0.95,"lower_bound":2911.797555266566,"upper_bound":5638.822668267996},"point_estimate":4414.011596453295,"standard_error":697.0494297250755}}