{"mean":{"confidence_interval":{"confidence_level":0.95,"lower_bound":281842.5559606022,"upper_bound":294852.2405136406},"point_estimate":287973.85146152804,"standard_error":3322.1997304466254},"median":{"confidence_interval":{"confidence_level":0.95,"lower_bound":275069.7088008415,"upper_bound":285087.6},"point_estimate":278642.5769217687,"standard_error":2822.8651096608173},"median_abs_dev":{"confidence_interval":{"confidence_level":0.95,"lower_bound":15056.85795054452,"upper_bound":25887.009135008393},"point_estimate":19877.427852068635,"standard_error":2670.2027542978917},"slope":{"confidence_interval":{"confidence_level":0.95,"lower_bound":282451.4517919953,"upper_bound":301402.5262433707},"point_estimate":290928.6827294222,"standard_error":4856.772559792866},"std_dev":{"confidence_interval":{"confidence_level":0.95,"lower_bound":23744.49243551021,"upper_bound":43862.98232658077},"point_estimate":33519.13511354253,"standard_error":5350.580376579164}}