{"mean":{"confidence_interval":{"confidence_level":0.95,"lower_bound":-0.5352467825202673,"upper_bound":-0.5289045931896429},"point_estimate":-0.531951368964049,"standard_error":0.0016213097829521814},"median":{"confidence_interval":{"confidence_level":0.95,"lower_bound":-0.5310161042516868,"upper_bound":-0.5246215434937667},"point_estimate":-0.5272681743052138,"standard_error":0.0015523432044925653}}