{"mean":{"confidence_interval":{"confidence_level":0.95,"lower_bound":-0.060336810045839614,"upper_bound":-0.04134649178582624},"point_estimate":-0.05126988410351219,"standard_error":0.004815238648629037},"median":{"confidence_interval":{"confidence_level":0.95,"lower_bound":-0.06842356297132379,"upper_bound":-0.05357770585955457},"point_estimate":-0.058796199643598834,"standard_error":0.003924169787722273}}