{"mean":{"confidence_interval":{"confidence_level":0.95,"lower_bound":0.19549474620720053,"upper_bound":0.21932652111373385},"point_estimate":0.2070554549004604,"standard_error":0.006078060551252319},"median":{"confidence_interval":{"confidence_level":0.95,"lower_bound":0.17936277393378264,"upper_bound":0.20391956720426285},"point_estimate":0.19051976384345592,"standard_error":0.00631317465106218}}