{"mean":{"confidence_interval":{"confidence_level":0.95,"lower_bound":-0.46642757634559917,"upper_bound":-0.4533402546989958},"point_estimate":-0.45969794797840746,"standard_error":0.0033606518008153768},"median":{"confidence_interval":{"confidence_level":0.95,"lower_bound":-0.4662087926798879,"upper_bound":-0.4465902577606625},"point_estimate":-0.4567130326249669,"standard_error":0.0050412679213062035}}