{"mean":{"confidence_interval":{"confidence_level":0.95,"lower_bound":-0.10417102277024282,"upper_bound":-0.08640775898624074},"point_estimate":-0.09524826053311852,"standard_error":0.0044910427973386},"median":{"confidence_interval":{"confidence_level":0.95,"lower_bound":-0.10116684010500765,"upper_bound":-0.08183857864787125},"point_estimate":-0.09207268375481314,"standard_error":0.005954531730794143}}