{"mean":{"confidence_interval":{"confidence_level":0.95,"lower_bound":0.12439896575190934,"upper_bound":0.1462142135670181},"point_estimate":0.13435895040312085,"standard_error":0.005568712317589006},"median":{"confidence_interval":{"confidence_level":0.95,"lower_bound":0.11511929508103957,"upper_bound":0.13067400258744555},"point_estimate":0.12133930146794891,"standard_error":0.004161157482623592}}