{"mean":{"confidence_interval":{"confidence_level":0.95,"lower_bound":0.07104213498895363,"upper_bound":0.10156278518954973},"point_estimate":0.08614722189172141,"standard_error":0.007767802583764841},"median":{"confidence_interval":{"confidence_level":0.95,"lower_bound":0.07916111904648715,"upper_bound":0.13173557696773575},"point_estimate":0.10740253024176916,"standard_error":0.014736941644203156}}