{"mean":{"confidence_interval":{"confidence_level":0.95,"lower_bound":0.025997781249151253,"upper_bound":0.044553759558962826},"point_estimate":0.035395600910939296,"standard_error":0.004728635421679807},"median":{"confidence_interval":{"confidence_level":0.95,"lower_bound":0.02827386400573606,"upper_bound":0.04752776655125235},"point_estimate":0.03825555642618461,"standard_error":0.004995877640656843}}