{"mean":{"confidence_interval":{"confidence_level":0.95,"lower_bound":-0.05657751514382825,"upper_bound":-0.041202446905478696},"point_estimate":-0.04905524061119404,"standard_error":0.003927953456384209},"median":{"confidence_interval":{"confidence_level":0.95,"lower_bound":-0.06204138648204194,"upper_bound":-0.04520933214872434},"point_estimate":-0.05239352115422746,"standard_error":0.0043461399563145915}}