{"mean":{"confidence_interval":{"confidence_level":0.95,"lower_bound":-0.11446409886480094,"upper_bound":-0.08909355547529808},"point_estimate":-0.1008076060695694,"standard_error":0.006396413801260633},"median":{"confidence_interval":{"confidence_level":0.95,"lower_bound":-0.13119560866949787,"upper_bound":-0.0879738912118245},"point_estimate":-0.11146067872725951,"standard_error":0.01229013037447986}}