{"mean":{"confidence_interval":{"confidence_level":0.95,"lower_bound":-0.09340280532510797,"upper_bound":-0.07231353812754392},"point_estimate":-0.08300076637180565,"standard_error":0.005356812102208867},"median":{"confidence_interval":{"confidence_level":0.95,"lower_bound":-0.10225931257997078,"upper_bound":-0.08054221431864261},"point_estimate":-0.0942809869729595,"standard_error":0.005626172935836622}}