{"mean":{"confidence_interval":{"confidence_level":0.95,"lower_bound":-0.11725400337240456,"upper_bound":-0.0971044302431029},"point_estimate":-0.10682884608379506,"standard_error":0.005146510922860931},"median":{"confidence_interval":{"confidence_level":0.95,"lower_bound":-0.11409218262535159,"upper_bound":-0.09301823602533588},"point_estimate":-0.10232607735986465,"standard_error":0.006290049411352887}}