{"mean":{"confidence_interval":{"confidence_level":0.95,"lower_bound":-0.019843991859226338,"upper_bound":0.00628391479169732},"point_estimate":-0.0068835420503514655,"standard_error":0.006701033838969244},"median":{"confidence_interval":{"confidence_level":0.95,"lower_bound":-0.01483884426538884,"upper_bound":0.02084926184769542},"point_estimate":0.003986768045325606,"standard_error":0.009304255778741161}}