{"mean":{"confidence_interval":{"confidence_level":0.95,"lower_bound":46799.20406591246,"upper_bound":49087.430519978276},"point_estimate":47847.51561052106,"standard_error":584.6173277003572},"median":{"confidence_interval":{"confidence_level":0.95,"lower_bound":46033.78517316017,"upper_bound":47391.24337121212},"point_estimate":46833.598347107436,"standard_error":397.62087478217205},"median_abs_dev":{"confidence_interval":{"confidence_level":0.95,"lower_bound":1821.7559494755487,"upper_bound":3152.3183974145213},"point_estimate":2347.4432060584954,"standard_error":329.7480904194833},"slope":{"confidence_interval":{"confidence_level":0.95,"lower_bound":46963.50034591931,"upper_bound":48896.614026616306},"point_estimate":47838.9748989078,"standard_error":494.4288179720881},"std_dev":{"confidence_interval":{"confidence_level":0.95,"lower_bound":3607.9275438838035,"upper_bound":8276.447752975435},"point_estimate":5860.536073585592,"standard_error":1294.4452811317776}}