{"mean":{"confidence_interval":{"confidence_level":0.95,"lower_bound":2541122.07925,"upper_bound":2755378.9755},"point_estimate":2645194.13,"standard_error":54615.84221707275},"median":{"confidence_interval":{"confidence_level":0.95,"lower_bound":2475320.0,"upper_bound":2642128.0},"point_estimate":2628127.5,"standard_error":40455.596352785324},"median_abs_dev":{"confidence_interval":{"confidence_level":0.95,"lower_bound":456516.216430217,"upper_bound":702491.4499282837},"point_estimate":644294.953161478,"standard_error":59062.78710405264},"slope":null,"std_dev":{"confidence_interval":{"confidence_level":0.95,"lower_bound":447282.4277869242,"upper_bound":639971.5264491986},"point_estimate":549240.6077790388,"standard_error":49279.140901893355}}