{"mean":{"confidence_interval":{"confidence_level":0.95,"lower_bound":1474290.578537971,"upper_bound":1530227.0251441377},"point_estimate":1502441.8937578879,"standard_error":14231.099324540182},"median":{"confidence_interval":{"confidence_level":0.95,"lower_bound":1491479.0323809525,"upper_bound":1519575.0212765958},"point_estimate":1502900.503787879,"standard_error":7627.7937873601995},"median_abs_dev":{"confidence_interval":{"confidence_level":0.95,"lower_bound":74537.59441842993,"upper_bound":131207.7000796162},"point_estimate":103539.45462964795,"standard_error":14449.819189212549},"slope":{"confidence_interval":{"confidence_level":0.95,"lower_bound":1493715.5790214175,"upper_bound":1543338.5211781785},"point_estimate":1518265.008579873,"standard_error":12661.64368915109},"std_dev":{"confidence_interval":{"confidence_level":0.95,"lower_bound":115999.87341722299,"upper_bound":167085.4114831939},"point_estimate":142859.21269739402,"standard_error":12988.71750912984}}