{"mean":{"confidence_interval":{"confidence_level":0.95,"lower_bound":1857234.4112395833,"upper_bound":1966809.749739583},"point_estimate":1908395.6654166668,"standard_error":28012.52268023605},"median":{"confidence_interval":{"confidence_level":0.95,"lower_bound":1848296.0,"upper_bound":1889447.9583333333},"point_estimate":1863409.2083333333,"standard_error":10624.423277416325},"median_abs_dev":{"confidence_interval":{"confidence_level":0.95,"lower_bound":109056.56377635902,"upper_bound":240535.44446714222},"point_estimate":178433.1925071777,"standard_error":32314.677835563758},"slope":null,"std_dev":{"confidence_interval":{"confidence_level":0.95,"lower_bound":192249.83034017473,"upper_bound":383129.46786005434},"point_estimate":281672.8138742755,"standard_error":52869.40138827082}}