{"mean":{"confidence_interval":{"confidence_level":0.95,"lower_bound":6788726.36928125,"upper_bound":6853521.57928125},"point_estimate":6819187.31,"standard_error":16489.72820994125},"median":{"confidence_interval":{"confidence_level":0.95,"lower_bound":6743523.5,"upper_bound":6793342.875},"point_estimate":6770410.625,"standard_error":10962.78867553071},"median_abs_dev":{"confidence_interval":{"confidence_level":0.95,"lower_bound":60394.724582154304,"upper_bound":112786.56909763813},"point_estimate":90323.78955893219,"standard_error":13988.000933305626},"slope":null,"std_dev":{"confidence_interval":{"confidence_level":0.95,"lower_bound":111325.08456126606,"upper_bound":213717.57295516558},"point_estimate":165679.6352096503,"standard_error":26112.735795545414}}