{"mean":{"confidence_interval":{"confidence_level":0.95,"lower_bound":6781395.0393125005,"upper_bound":6871593.54671875},"point_estimate":6824914.355,"standard_error":23012.951328767907},"median":{"confidence_interval":{"confidence_level":0.95,"lower_bound":6685492.5,"upper_bound":6817555.375},"point_estimate":6715280.0,"standard_error":29995.661907129175},"median_abs_dev":{"confidence_interval":{"confidence_level":0.95,"lower_bound":85472.07380756736,"upper_bound":240422.6742066443},"point_estimate":140420.93533203006,"standard_error":37212.42580114044},"slope":null,"std_dev":{"confidence_interval":{"confidence_level":0.95,"lower_bound":189928.6637569663,"upper_bound":265673.9970269793},"point_estimate":230418.81107391414,"standard_error":19381.87158852504}}