{"mean":{"confidence_interval":{"confidence_level":0.95,"lower_bound":357679.83535275504,"upper_bound":369287.7566381288},"point_estimate":363004.56032147,"standard_error":2966.809708684147},"median":{"confidence_interval":{"confidence_level":0.95,"lower_bound":348947.72101449274,"upper_bound":356856.688172043},"point_estimate":352215.9107440774,"standard_error":2331.3607856309195},"median_abs_dev":{"confidence_interval":{"confidence_level":0.95,"lower_bound":8799.38429684387,"upper_bound":20237.470258645903},"point_estimate":12650.675182934012,"standard_error":3121.1318078974678},"slope":{"confidence_interval":{"confidence_level":0.95,"lower_bound":354894.45374567277,"upper_bound":363132.9405750956},"point_estimate":358628.8659277868,"standard_error":2100.892567822669},"std_dev":{"confidence_interval":{"confidence_level":0.95,"lower_bound":18345.528558070033,"upper_bound":42290.584594217406},"point_estimate":29879.334045024207,"standard_error":6857.629868757281}}