{"mean":{"confidence_interval":{"confidence_level":0.95,"lower_bound":7552569.92864286,"upper_bound":7677493.318857144},"point_estimate":7611421.162857144,"standard_error":31818.336136981354},"median":{"confidence_interval":{"confidence_level":0.95,"lower_bound":7518406.142857144,"upper_bound":7603586.357142857},"point_estimate":7549121.214285715,"standard_error":21900.775611430403},"median_abs_dev":{"confidence_interval":{"confidence_level":0.95,"lower_bound":151905.28710314244,"upper_bound":281951.0142943691},"point_estimate":216758.55185176557,"standard_error":34741.414360957584},"slope":null,"std_dev":{"confidence_interval":{"confidence_level":0.95,"lower_bound":222543.418378327,"upper_bound":425624.09221740643},"point_estimate":320047.5640253111,"standard_error":54421.8669964871}}