{"mean":{"confidence_interval":{"confidence_level":0.95,"lower_bound":-0.1009651048682949,"upper_bound":-0.07822032087487438},"point_estimate":-0.08940339240077266,"standard_error":0.0058511724092362395},"median":{"confidence_interval":{"confidence_level":0.95,"lower_bound":-0.10325878224439211,"upper_bound":-0.08280263418706313},"point_estimate":-0.09188700504216918,"standard_error":0.005262292578559546}}