{"mean":{"confidence_interval":{"confidence_level":0.95,"lower_bound":0.21473503892234602,"upper_bound":0.24756876175107753},"point_estimate":0.23089756018013952,"standard_error":0.008367491169672257},"median":{"confidence_interval":{"confidence_level":0.95,"lower_bound":0.2246019484766011,"upper_bound":0.2546932754159785},"point_estimate":0.2382066272541552,"standard_error":0.0073079273921125044}}