{"mean":{"confidence_interval":{"confidence_level":0.95,"lower_bound":-0.06613252799339571,"upper_bound":-0.030725019710572066},"point_estimate":-0.04804013785793004,"standard_error":0.009062058947509494},"median":{"confidence_interval":{"confidence_level":0.95,"lower_bound":-0.0370996404132905,"upper_bound":-0.006332284826100709},"point_estimate":-0.022384524352841995,"standard_error":0.008247406481214702}}