{"mean":{"confidence_interval":{"confidence_level":0.95,"lower_bound":-0.08337530019175045,"upper_bound":-0.0654168860893316},"point_estimate":-0.07389742226337392,"standard_error":0.004571003117460517},"median":{"confidence_interval":{"confidence_level":0.95,"lower_bound":-0.08243466029334867,"upper_bound":-0.06289296276618983},"point_estimate":-0.07413338180359275,"standard_error":0.004338895207302713}}