{"mean":{"confidence_interval":{"confidence_level":0.95,"lower_bound":-0.009772315188944912,"upper_bound":0.029833361776799135},"point_estimate":0.007986812180554193,"standard_error":0.009589355082556893},"median":{"confidence_interval":{"confidence_level":0.95,"lower_bound":-0.03551003557141702,"upper_bound":-0.0050896902604552485},"point_estimate":-0.020037832178256165,"standard_error":0.008130327874475715}}