{"mean":{"confidence_interval":{"confidence_level":0.95,"lower_bound":482128.6732600415,"upper_bound":511272.2319183004},"point_estimate":495415.72471354844,"standard_error":7444.542447346373},"median":{"confidence_interval":{"confidence_level":0.95,"lower_bound":479863.10784313723,"upper_bound":501336.1},"point_estimate":491538.5,"standard_error":6165.966210052331},"median_abs_dev":{"confidence_interval":{"confidence_level":0.95,"lower_bound":30685.76083771882,"upper_bound":54422.937972303924},"point_estimate":41390.32591517484,"standard_error":6196.716554211056},"slope":{"confidence_interval":{"confidence_level":0.95,"lower_bound":480999.6286646492,"upper_bound":516563.52373126266},"point_estimate":498349.7820629526,"standard_error":9059.278766995474},"std_dev":{"confidence_interval":{"confidence_level":0.95,"lower_bound":46774.86365951379,"upper_bound":106608.1888590045},"point_estimate":74864.41933998647,"standard_error":17564.94091158017}}