{"mean":{"confidence_interval":{"confidence_level":0.95,"lower_bound":-0.0751176097688909,"upper_bound":-0.029870011890430828},"point_estimate":-0.052559613976688624,"standard_error":0.011595831685245524},"median":{"confidence_interval":{"confidence_level":0.95,"lower_bound":-0.0958752572622068,"upper_bound":-0.030613005232892898},"point_estimate":-0.04982804010366393,"standard_error":0.01460103738294257}}