{"mean":{"confidence_interval":{"confidence_level":0.95,"lower_bound":13.408266111566295,"upper_bound":14.432802825386542},"point_estimate":13.92937226113215,"standard_error":0.2637779859931892},"median":{"confidence_interval":{"confidence_level":0.95,"lower_bound":13.371348174589956,"upper_bound":14.499445086330462},"point_estimate":13.898726960409158,"standard_error":0.2929373394841855}}