{"mean":{"confidence_interval":{"confidence_level":0.95,"lower_bound":-0.5826079798996499,"upper_bound":-0.5560883729851009},"point_estimate":-0.5699569977984553,"standard_error":0.006746045723489856},"median":{"confidence_interval":{"confidence_level":0.95,"lower_bound":-0.5834511322156826,"upper_bound":-0.5571094297232994},"point_estimate":-0.5727922490462181,"standard_error":0.007488996769656594}}