{"mean":{"confidence_interval":{"confidence_level":0.95,"lower_bound":-0.30137521557361924,"upper_bound":-0.2701903604757451},"point_estimate":-0.2865822793370394,"standard_error":0.007897547910235213},"median":{"confidence_interval":{"confidence_level":0.95,"lower_bound":-0.31351062119640816,"upper_bound":-0.26211902935639586},"point_estimate":-0.293678010963622,"standard_error":0.013904492931128238}}