{"mean":{"confidence_interval":{"confidence_level":0.95,"lower_bound":0.16687729453354372,"upper_bound":0.22294107835697952},"point_estimate":0.19339065817029777,"standard_error":0.014527552171456319},"median":{"confidence_interval":{"confidence_level":0.95,"lower_bound":0.1592267387758965,"upper_bound":0.24070341909619541},"point_estimate":0.18057647136485833,"standard_error":0.019736309898912112}}