{"mean":{"confidence_interval":{"confidence_level":0.95,"lower_bound":-0.07830577428748635,"upper_bound":-0.04241027511719134},"point_estimate":-0.06095376074821868,"standard_error":0.009210086306066055},"median":{"confidence_interval":{"confidence_level":0.95,"lower_bound":-0.08147859094727239,"upper_bound":-0.03368768563086166},"point_estimate":-0.06599430570135811,"standard_error":0.011071902363493452}}