{"mean":{"confidence_interval":{"confidence_level":0.95,"lower_bound":0.1473625534702336,"upper_bound":0.23517552757841992},"point_estimate":0.1912616076658411,"standard_error":0.022480959801071555},"median":{"confidence_interval":{"confidence_level":0.95,"lower_bound":0.11564045055731098,"upper_bound":0.25704428011125846},"point_estimate":0.20941720155373988,"standard_error":0.03177497846526733}}