{"mean":{"confidence_interval":{"confidence_level":0.95,"lower_bound":-0.06039895382365771,"upper_bound":-0.01758880881993962},"point_estimate":-0.03792628015006361,"standard_error":0.010968944455096535},"median":{"confidence_interval":{"confidence_level":0.95,"lower_bound":-0.06451976968166662,"upper_bound":-0.001875576672930368},"point_estimate":-0.03235505372650016,"standard_error":0.014258441208103776}}