{"mean":{"confidence_interval":{"confidence_level":0.95,"lower_bound":-0.2371875534399196,"upper_bound":-0.18443231902631627},"point_estimate":-0.21013965163793735,"standard_error":0.013356882132319947},"median":{"confidence_interval":{"confidence_level":0.95,"lower_bound":-0.23675868021743895,"upper_bound":-0.1855033894036815},"point_estimate":-0.21552424836675943,"standard_error":0.013428382677287467}}