{"mean":{"confidence_interval":{"confidence_level":0.95,"lower_bound":-0.0792716838198011,"upper_bound":-0.04363108968546381},"point_estimate":-0.06063863221874588,"standard_error":0.00913150558214445},"median":{"confidence_interval":{"confidence_level":0.95,"lower_bound":-0.0852680003285532,"upper_bound":-0.0344103141424843},"point_estimate":-0.0552017133468371,"standard_error":0.014237124447841278}}