{"mean":{"confidence_interval":{"confidence_level":0.95,"lower_bound":-0.19563540983634475,"upper_bound":-0.12287007232477719},"point_estimate":-0.16161592163014338,"standard_error":0.018455470378245426},"median":{"confidence_interval":{"confidence_level":0.95,"lower_bound":-0.20356240806811654,"upper_bound":-0.10430315833744452},"point_estimate":-0.1693577962395617,"standard_error":0.022556965274934858}}