{"mean":{"confidence_interval":{"confidence_level":0.95,"lower_bound":-0.08394749745806508,"upper_bound":-0.03952577149924144},"point_estimate":-0.06261217610616909,"standard_error":0.011350193745785438},"median":{"confidence_interval":{"confidence_level":0.95,"lower_bound":-0.09563204319155427,"upper_bound":-0.03800006010644263},"point_estimate":-0.06299272456250593,"standard_error":0.016047288255387957}}