{"mean":{"confidence_interval":{"confidence_level":0.95,"lower_bound":-0.1064131333101136,"upper_bound":-0.06474597151061282},"point_estimate":-0.08541172642922967,"standard_error":0.010634169815143505},"median":{"confidence_interval":{"confidence_level":0.95,"lower_bound":-0.11180017584084567,"upper_bound":-0.050195833786391364},"point_estimate":-0.07229535564182843,"standard_error":0.0152477025764533}}