{"mean":{"confidence_interval":{"confidence_level":0.95,"lower_bound":0.01607182556145554,"upper_bound":0.052047198854227456},"point_estimate":0.03442470058439828,"standard_error":0.009318799818500811},"median":{"confidence_interval":{"confidence_level":0.95,"lower_bound":-0.002432393422778123,"upper_bound":0.02045927142093329},"point_estimate":0.007605576888888743,"standard_error":0.005881539325763983}}