{"mean":{"confidence_interval":{"confidence_level":0.95,"lower_bound":-0.05994070820407896,"upper_bound":-0.030593870208543206},"point_estimate":-0.04531994570957776,"standard_error":0.007423966668891455},"median":{"confidence_interval":{"confidence_level":0.95,"lower_bound":-0.05672747257265942,"upper_bound":-0.025124881346001438},"point_estimate":-0.04446248815743892,"standard_error":0.007731439288456354}}