{"mean":{"confidence_interval":{"confidence_level":0.95,"lower_bound":-0.047156715524271337,"upper_bound":-0.011777537639472091},"point_estimate":-0.029365597972700108,"standard_error":0.009048650266703416},"median":{"confidence_interval":{"confidence_level":0.95,"lower_bound":-0.017041874288192926,"upper_bound":0.0065483841675622045},"point_estimate":-0.00243917429107654,"standard_error":0.005348716018216428}}