{"mean":{"confidence_interval":{"confidence_level":0.95,"lower_bound":-0.1069692298424246,"upper_bound":-0.08685628337691857},"point_estimate":-0.09704046084954032,"standard_error":0.005066221976729783},"median":{"confidence_interval":{"confidence_level":0.95,"lower_bound":-0.11082053952479776,"upper_bound":-0.0922574457005988},"point_estimate":-0.10057916860364247,"standard_error":0.004699565890395767}}