{"mean":{"confidence_interval":{"confidence_level":0.95,"lower_bound":0.15687943822085135,"upper_bound":0.19433797715642212},"point_estimate":0.17536240932055325,"standard_error":0.009547867701707322},"median":{"confidence_interval":{"confidence_level":0.95,"lower_bound":0.16698220288084714,"upper_bound":0.20334659644749298},"point_estimate":0.1875296072410393,"standard_error":0.009657630040356371}}