{"mean":{"confidence_interval":{"confidence_level":0.95,"lower_bound":156854031.57475,"upper_bound":158878940.48725},"point_estimate":157824089.52,"standard_error":518859.93050329137},"median":{"confidence_interval":{"confidence_level":0.95,"lower_bound":155491399.5,"upper_bound":157759252.0},"point_estimate":156755849.0,"standard_error":584112.2862084928},"median_abs_dev":{"confidence_interval":{"confidence_level":0.95,"lower_bound":2974175.607597828,"upper_bound":5185333.362641931},"point_estimate":4134607.3482960463,"standard_error":588431.4700841962},"slope":null,"std_dev":{"confidence_interval":{"confidence_level":0.95,"lower_bound":3969066.9336687033,"upper_bound":6500294.682409494},"point_estimate":5222177.118936727,"standard_error":656533.5385744325}}