{"mean":{"confidence_interval":{"confidence_level":0.95,"lower_bound":7165913.563749999,"upper_bound":7309560.51239286},"point_estimate":7238492.997142856,"standard_error":36702.35377411012},"median":{"confidence_interval":{"confidence_level":0.95,"lower_bound":7133647.714285715,"upper_bound":7326658.428571428},"point_estimate":7250828.642857144,"standard_error":52864.34884223695},"median_abs_dev":{"confidence_interval":{"confidence_level":0.95,"lower_bound":334334.7660643718,"upper_bound":519472.31977752235},"point_estimate":439030.25760565366,"standard_error":45498.75139846049},"slope":null,"std_dev":{"confidence_interval":{"confidence_level":0.95,"lower_bound":325451.8560372435,"upper_bound":408818.6511989719},"point_estimate":369569.0910590688,"standard_error":21308.38841136338}}