{"mean":{"confidence_interval":{"confidence_level":0.95,"lower_bound":156767285.94175,"upper_bound":157864601.29174998},"point_estimate":157302024.55,"standard_error":279752.11228571984},"median":{"confidence_interval":{"confidence_level":0.95,"lower_bound":156241187.0,"upper_bound":157383588.0},"point_estimate":156625538.0,"standard_error":304559.20504665765},"median_abs_dev":{"confidence_interval":{"confidence_level":0.95,"lower_bound":1839093.361249566,"upper_bound":3140224.5807498693},"point_estimate":2429169.633373618,"standard_error":336165.9903185808},"slope":null,"std_dev":{"confidence_interval":{"confidence_level":0.95,"lower_bound":2360992.363704169,"upper_bound":3192773.75588604},"point_estimate":2807479.9217735287,"standard_error":212312.37970052595}}