{"mean":{"confidence_interval":{"confidence_level":0.95,"lower_bound":6519312.668666666,"upper_bound":6637741.997777774},"point_estimate":6578866.867777774,"standard_error":30208.009833627126},"median":{"confidence_interval":{"confidence_level":0.95,"lower_bound":6507625.0,"upper_bound":6718308.555555556},"point_estimate":6630558.055555556,"standard_error":49198.26064789398},"median_abs_dev":{"confidence_interval":{"confidence_level":0.95,"lower_bound":245653.07070128561,"upper_bound":383308.84382824134},"point_estimate":329113.8020237291,"standard_error":35605.34085165011},"slope":null,"std_dev":{"confidence_interval":{"confidence_level":0.95,"lower_bound":264289.3450247312,"upper_bound":338766.0361525938},"point_estimate":304113.9599227904,"standard_error":19023.215846165076}}