{"mean":{"confidence_interval":{"confidence_level":0.95,"lower_bound":7527660.141678571,"upper_bound":7624310.403071432},"point_estimate":7574985.218571428,"standard_error":24616.081002913197},"median":{"confidence_interval":{"confidence_level":0.95,"lower_bound":7489519.285714285,"upper_bound":7642861.285714285},"point_estimate":7542855.285714285,"standard_error":37212.33751168238},"median_abs_dev":{"confidence_interval":{"confidence_level":0.95,"lower_bound":181257.37778203838,"upper_bound":287877.70768914925},"point_estimate":246682.7143205061,"standard_error":27153.171931848654},"slope":null,"std_dev":{"confidence_interval":{"confidence_level":0.95,"lower_bound":208292.00201560959,"upper_bound":283331.52435962926},"point_estimate":247234.41031093983,"standard_error":19032.477921105394}}