{"mean":{"confidence_interval":{"confidence_level":0.95,"lower_bound":171680928.4415,"upper_bound":172913930.7645},"point_estimate":172288068.76,"standard_error":314737.5391178043},"median":{"confidence_interval":{"confidence_level":0.95,"lower_bound":171457355.5,"upper_bound":172527844.0},"point_estimate":171887473.5,"standard_error":288489.85839714826},"median_abs_dev":{"confidence_interval":{"confidence_level":0.95,"lower_bound":2229036.428126693,"upper_bound":3845363.212931156},"point_estimate":2934933.410194516,"standard_error":415232.23862137983},"slope":null,"std_dev":{"confidence_interval":{"confidence_level":0.95,"lower_bound":2664974.464488406,"upper_bound":3613208.460779268},"point_estimate":3162257.440924084,"standard_error":242956.1102670918}}