{"mean":{"confidence_interval":{"confidence_level":0.95,"lower_bound":7982492.113392855,"upper_bound":8156662.310999994},"point_estimate":8067933.512857142,"standard_error":44539.32414170347},"median":{"confidence_interval":{"confidence_level":0.95,"lower_bound":7783638.214285715,"upper_bound":7881169.285714285},"point_estimate":7813493.571428571,"standard_error":27133.650962550993},"median_abs_dev":{"confidence_interval":{"confidence_level":0.95,"lower_bound":123616.53830536814,"upper_bound":292599.8945053124},"point_estimate":174275.39090599245,"standard_error":45730.71488223815},"slope":null,"std_dev":{"confidence_interval":{"confidence_level":0.95,"lower_bound":397292.3999850981,"upper_bound":488088.9893823524},"point_estimate":450081.5127892158,"standard_error":23169.710145243193}}