{"mean":{"confidence_interval":{"confidence_level":0.95,"lower_bound":3333498.900833332,"upper_bound":3427595.7506166673},"point_estimate":3379720.642666668,"standard_error":23876.40953617992},"median":{"confidence_interval":{"confidence_level":0.95,"lower_bound":3301704.7666666666,"upper_bound":3439450.1333333333},"point_estimate":3382544.2666666666,"standard_error":37066.88149507721},"median_abs_dev":{"confidence_interval":{"confidence_level":0.95,"lower_bound":179741.25957645493,"upper_bound":278736.3068914417},"point_estimate":211515.2735048534,"standard_error":25530.6551862541},"slope":null,"std_dev":{"confidence_interval":{"confidence_level":0.95,"lower_bound":203113.5567984001,"upper_bound":272574.03367248824},"point_estimate":239499.91924530407,"standard_error":17732.14658951291}}