{"mean":{"confidence_interval":{"confidence_level":0.95,"lower_bound":166529207.37974998,"upper_bound":172718176.53875},"point_estimate":169553137.77,"standard_error":1580812.1118793394},"median":{"confidence_interval":{"confidence_level":0.95,"lower_bound":159115063.0,"upper_bound":167765579.0},"point_estimate":162536811.5,"standard_error":1917978.840491253},"median_abs_dev":{"confidence_interval":{"confidence_level":0.95,"lower_bound":6049434.140101075,"upper_bound":17410269.101583425},"point_estimate":10484586.00076139,"standard_error":2573683.927597343},"slope":null,"std_dev":{"confidence_interval":{"confidence_level":0.95,"lower_bound":13939065.91921825,"upper_bound":17212320.56067887},"point_estimate":15826495.961642897,"standard_error":834899.6300790688}}