{"mean":{"confidence_interval":{"confidence_level":0.95,"lower_bound":0.09942627591884179,"upper_bound":0.1443404131318944},"point_estimate":0.11903650051659675,"standard_error":0.01138588931639423},"median":{"confidence_interval":{"confidence_level":0.95,"lower_bound":0.07219435390814223,"upper_bound":0.09880551471405341},"point_estimate":0.08273585741693545,"standard_error":0.006977576943104577}}