{"mean":{"confidence_interval":{"confidence_level":0.95,"lower_bound":0.10213536150765319,"upper_bound":0.13570056846191983},"point_estimate":0.11909374427439601,"standard_error":0.008566540167270976},"median":{"confidence_interval":{"confidence_level":0.95,"lower_bound":0.10805055728135082,"upper_bound":0.14811062999653468},"point_estimate":0.1314858430913186,"standard_error":0.010701041176423037}}