{"mean":{"confidence_interval":{"confidence_level":0.95,"lower_bound":0.2658997690290727,"upper_bound":0.30067451676588686},"point_estimate":0.2829217896216152,"standard_error":0.008855220592528787},"median":{"confidence_interval":{"confidence_level":0.95,"lower_bound":0.2505664005905545,"upper_bound":0.290239344094648},"point_estimate":0.2693417519728851,"standard_error":0.008802382312150123}}