{"mean":{"confidence_interval":{"confidence_level":0.95,"lower_bound":-0.09241245910931951,"upper_bound":-0.07115746324884258},"point_estimate":-0.08244486466797651,"standard_error":0.005460821282550635},"median":{"confidence_interval":{"confidence_level":0.95,"lower_bound":-0.08878654151280818,"upper_bound":-0.06448967138450502},"point_estimate":-0.07872577262041058,"standard_error":0.006243105856973625}}