{"mean":{"confidence_interval":{"confidence_level":0.95,"lower_bound":-0.47924306059754673,"upper_bound":-0.4609326900545806},"point_estimate":-0.4708125628873262,"standard_error":0.0047431575857664506},"median":{"confidence_interval":{"confidence_level":0.95,"lower_bound":-0.488618519761369,"upper_bound":-0.46694735787790265},"point_estimate":-0.48237289843127984,"standard_error":0.005761766526095391}}