{"mean":{"confidence_interval":{"confidence_level":0.95,"lower_bound":-0.023348356440286384,"upper_bound":-0.002019799699226138},"point_estimate":-0.012791772392886647,"standard_error":0.005425146053123469},"median":{"confidence_interval":{"confidence_level":0.95,"lower_bound":-0.029104238509842485,"upper_bound":-0.0025083500807006054},"point_estimate":-0.013263994857695471,"standard_error":0.006447701990029585}}