{"mean":{"confidence_interval":{"confidence_level":0.95,"lower_bound":-0.1302054496948626,"upper_bound":-0.09984341105879914},"point_estimate":-0.11600558886522272,"standard_error":0.007753368677160738},"median":{"confidence_interval":{"confidence_level":0.95,"lower_bound":-0.12933865639394748,"upper_bound":-0.10153590282139213},"point_estimate":-0.11801546866474188,"standard_error":0.007843500110471427}}