{"mean":{"confidence_interval":{"confidence_level":0.95,"lower_bound":-0.061908090467234334,"upper_bound":-0.046069326895748164},"point_estimate":-0.053849312794335136,"standard_error":0.004036058735000039},"median":{"confidence_interval":{"confidence_level":0.95,"lower_bound":-0.07101105329956059,"upper_bound":-0.04479494989755162},"point_estimate":-0.0566435338880531,"standard_error":0.006660152844239567}}