{"mean":{"confidence_interval":{"confidence_level":0.95,"lower_bound":-0.165061457787116,"upper_bound":-0.15008303580365687},"point_estimate":-0.15701633869360554,"standard_error":0.0037967003412291062},"median":{"confidence_interval":{"confidence_level":0.95,"lower_bound":-0.17081652875982523,"upper_bound":-0.14716520401047675},"point_estimate":-0.15345982344320563,"standard_error":0.006440996039712149}}