{"mean":{"confidence_interval":{"confidence_level":0.95,"lower_bound":-0.044001728886978175,"upper_bound":-0.014887133213527273},"point_estimate":-0.0310589157182094,"standard_error":0.007547763682037589},"median":{"confidence_interval":{"confidence_level":0.95,"lower_bound":-0.06501697309506604,"upper_bound":-0.04038380634574375},"point_estimate":-0.05498297984630718,"standard_error":0.0067514681816971175}}