{"mean":{"confidence_interval":{"confidence_level":0.95,"lower_bound":0.13718146107919904,"upper_bound":0.16281555775951348},"point_estimate":0.1499273642780632,"standard_error":0.006570028592884631},"median":{"confidence_interval":{"confidence_level":0.95,"lower_bound":0.12494728873656524,"upper_bound":0.15509759675882617},"point_estimate":0.1403509529528706,"standard_error":0.007239698298123618}}