{"mean":{"confidence_interval":{"confidence_level":0.95,"lower_bound":-0.09879926110040975,"upper_bound":-0.077687265217154},"point_estimate":-0.08855786451503112,"standard_error":0.005394207673411454},"median":{"confidence_interval":{"confidence_level":0.95,"lower_bound":-0.10057220515551035,"upper_bound":-0.08552164894887351},"point_estimate":-0.09176736531594598,"standard_error":0.003828223908779938}}