{"mean":{"confidence_interval":{"confidence_level":0.95,"lower_bound":0.15397498632411252,"upper_bound":0.187620661787764},"point_estimate":0.17089530135212727,"standard_error":0.008602709142252913},"median":{"confidence_interval":{"confidence_level":0.95,"lower_bound":0.15392890253480898,"upper_bound":0.19069554846703207},"point_estimate":0.17623013086169492,"standard_error":0.009129740735718468}}