{"mean":{"confidence_interval":{"confidence_level":0.95,"lower_bound":0.0040398756823631045,"upper_bound":0.030073143167840672},"point_estimate":0.01731321349319659,"standard_error":0.006557516114117717},"median":{"confidence_interval":{"confidence_level":0.95,"lower_bound":0.0068631670802314915,"upper_bound":0.039235024869725965},"point_estimate":0.02081653281194651,"standard_error":0.008158000833832774}}