{"mean":{"confidence_interval":{"confidence_level":0.95,"lower_bound":-0.13809315272776546,"upper_bound":-0.1058417634731218},"point_estimate":-0.12159760341913639,"standard_error":0.008250221109354439},"median":{"confidence_interval":{"confidence_level":0.95,"lower_bound":-0.09910391906487903,"upper_bound":-0.08072571975885656},"point_estimate":-0.08799128590904326,"standard_error":0.005195580178742912}}