{"mean":{"confidence_interval":{"confidence_level":0.95,"lower_bound":-0.05984269799116468,"upper_bound":-0.03415410070591285},"point_estimate":-0.04753180104191945,"standard_error":0.006490216934449423},"median":{"confidence_interval":{"confidence_level":0.95,"lower_bound":-0.05900936049438674,"upper_bound":-0.026742753735371605},"point_estimate":-0.04425953757698864,"standard_error":0.007662951726118767}}