{"mean":{"confidence_interval":{"confidence_level":0.95,"lower_bound":-0.5437742673091416,"upper_bound":-0.5365802259941195},"point_estimate":-0.5400421541280518,"standard_error":0.001829241499278646},"median":{"confidence_interval":{"confidence_level":0.95,"lower_bound":-0.5402726568891942,"upper_bound":-0.5346038932340245},"point_estimate":-0.5368253527861622,"standard_error":0.0013996592871823848}}