{"mean":{"confidence_interval":{"confidence_level":0.95,"lower_bound":-0.07257293805031044,"upper_bound":-0.03536247892247124},"point_estimate":-0.05424759542355362,"standard_error":0.009457441398624838},"median":{"confidence_interval":{"confidence_level":0.95,"lower_bound":-0.05761431326090949,"upper_bound":-0.01662873244849805},"point_estimate":-0.03594501792756877,"standard_error":0.010215383867133292}}