{"mean":{"confidence_interval":{"confidence_level":0.95,"lower_bound":3574560.4114318164,"upper_bound":3727571.961318182},"point_estimate":3649635.6845454536,"standard_error":39019.47737248519},"median":{"confidence_interval":{"confidence_level":0.95,"lower_bound":3549738.909090909,"upper_bound":3716065.090909091},"point_estimate":3641288.7272727275,"standard_error":46840.03997172561},"median_abs_dev":{"confidence_interval":{"confidence_level":0.95,"lower_bound":274718.7664682211,"upper_bound":447726.32259672333},"point_estimate":385022.78930084227,"standard_error":44527.493453010095},"slope":null,"std_dev":{"confidence_interval":{"confidence_level":0.95,"lower_bound":320687.0087693847,"upper_bound":459026.3253366806},"point_estimate":391696.98941172526,"standard_error":35365.09314340856}}